Source,Target,Weight加油,大江,15
东宝,乡长,11
厉害,大江,10
大江,白眼,10
一集,最后,9
大江,工人,9
乡长,这个,9
时候,第三部,8
正午,阳光,8
现在,这样,8
东宝,宋运辉,8
乡长,这么,8
大江,第三部,8
期待,第三部,7
结局,这样,7
大江大河,宣布,7
一个,乡长,7
东宝,现在,7
东宝,书记,7
一个,宋运辉,7
喜欢,大江,7
怎么,这么,6
希望,第三部,6
出来,第三部,6
东宝,小辉,6
离开,结婚,6
第一部,第二部,6
正午,董事长,6
侯鸿亮,正午,6
宣布,正午,6
大江大河,正午,6
董事长,阳光,6
侯鸿亮,阳光,6
宣布,阳光,6
大江大河,阳光,6
侯鸿亮,董事长,6
宣布,董事长,6
大江大河,董事长,6
侯鸿亮,宣布,6
侯鸿亮,大江大河,6
一个,这么,6
乡长,县长,6
东宝,以前,6
东宝,县长,6
乡长,就是,6
东宝,怎么,6
以前,现在,6
东宝,大江,6
再见,大江,6
中国,改革开放,5
第三部,结局,5
东宝,第三部,5
两年,各位,5
两年,我们,5
宋运辉,这样,5
发展,这样,5
中国,发展,5
一个,自己,5
两年,现在,5
东海,金州,5
第一部,第三部,5
东宝,监狱,5
剧本,正午,5
剧本,阳光,5
剧本,董事长,5
侯鸿亮,剧本,5
剧本,宣布,5
剧本,大江大河,5
创作,正午,5
创作,阳光,5
创作,董事长,5
侯鸿亮,创作,5
创作,宣布,5
创作,大江大河,5
创作,剧本,5
东海,宋运辉,5
出来,现在,5
东宝,领导,5
时代,这个,5
乡长,大学生,5
一个,东宝,5
现实,这么,5
乡长,现在,5
东宝,出来,5
没错,这么,5
东宝,杨巡,5
大家,这么,5
大江,这么,5
厉害,这么,5
一个,就是,5
中国,代表,5
两年,自己,5
王凯,第三部,5
什么,这么,4
中国,记住,4
中国,没有,4
宋运辉,开颜,4
希望,时候,4
大江,阿播,4
大家,大江,4
小说,电视剧,4
宋运辉,看着,4
东海,离开,4
东宝,第一部,4
东宝,第二部,4
宋运辉,第二部,4
第三部,第二部,4
宋运辉,第三部,4
年月日,正午,4
年月日,阳光,4
年月日,董事长,4
侯鸿亮,年月日,4
宣布,年月日,4
大江大河,年月日,4
我们,这样,4
发展,国家,4
创建,青春,4
家庭,青春,4
国家,青春,4
民族,青春,4
大江,然后,4
出来,进去,4
人物,现在,4
人物,这样,4
以前,县长,4
乡长,现实,4
东宝,这么,4
你们,大江,4
东宝,进去,4
国企,国家,4
绝对,这个,4
乡长,直接,4
现在,这个,4
一个,干部,4
现在,股份,4
乡长,事情,4
东宝,最后,4
东宝,还是,4
一半,股份,4
东宝,代表,4
关心,妻子,4
就是,这么,4
直接,这么,4
四部,小说,4
地方,就是,4
东宝,四眼,4
东宝,激动,4
不能,产权,4
产权,随便,4
不能,随便,4
一个,两年,4
大江,时候,4
第三部,还有,4
大江,感谢,4
复婚,成长,4
大江,曾茗小茗,4
同学,大江,4
大江,期待,4
到来,大江,4
大江,超越,4
大江,无羡,4
大江,螃蟹,4
不会,第三部,4
大江,演员,4
导演,第三部,4
别想,没有,3
就是,现实,3
宋运辉,知道,3
一集,已经,3
一个,应该,3
出来,时候,3
宋运辉,这个,3
大江,最后,3
周年,大江,3
大江,角色,3
两年,大概,3
宋运辉,就是,3
中国,宋运辉,3
发展,宋运辉,3
发展,就是,3
一个,改变,3
已经,时候,3
工作,希望,3
什么,时候,3
两年,希望,3
两年,第三部,3
两年,有所,3
自己,还是,3
离开,第一季,3
东海,第一季,3
离开,金州,3
离开,第二季,3
离婚,离开,3
离开,第三季,3
中国,离开,3
东海,第二季,3
东海,第三季,3
这样,遗憾,3
地方,落后,3
国家,我们,3
几十年,几百年,3
没有,自来水,3
但是,没有,3
我们,还是,3
宋运辉,第一部,3
东宝,是不是,3
我们,自来水,3
现在,自来水,3
我们,现在,3
我们,没有,3
没有,现在,3
小说,结局,3
孩子,结局,3
小说,第三部,3
中国,速度,3
中国,虽然,3
大部分,落后,3
剧本,年月日,3
可以,希望,3
不会,结局,3
年代,这个,3
东宝,看雷,3
国家,宋运辉,3
一个,中国,3
一个,付出,3
杨巡,还有,3
不是,中国,3
中国,但是,3
没有,领导,3
创作,年月日,3
一个,什么,3
不到,宋运辉,3
宋运辉,这种,3
这样,需要,3
知道,这样,3
一个,最好,3
为什么,因为,3
发展,经济,3
为什么,现在,3
根本,现在,3
一个,现在,3
喜欢,这样,3
一个,这样,3
东宝,回来,3
加油,喜欢,3
乡长,时代,3
不是,自己,3
东宝,自己,3
不是,东宝,3
一个,县长,3
乡长,以前,3
乡长,怎么,3
东宝,开始,3
乡长,开始,3
县长,现在,3
一个,知道,3
乡长,书记,3
创业,监狱,3
中心,监狱,3
中心,创业,3
个体,国家,3
国家,集体,3
国家,顺应时代,3
乡长,当年,3
东宝,这个,3
不同,这个,3
自己,集体,3
一个,对待,3
一个,刑满释放,3
一个,人员,3
村里,现在,3
村里,股份,3
开始,然后,3
东宝,为什么,3
发展,村子,3
东宝,人品,3
东宝,以后,3
后面,这么,3
代表,集体,3
代表,经验,3
代表,小辉,3
代表,国有经济,3
代表,杨巡,3
个体,代表,3
以前,知道,3
妻子,家庭,3
太少,妻子,3
妻子,自信,3
多疑,妻子,3
杨巡,这么,3
四部,电视剧,3
乡长,镇长,3
乡镇,领导,3
县长,镇长,3
东宝,起来,3
乡镇,级别,3
一样,东宝,3
一个,级别,3
激动,起来,3
出来,电视剧,3
东宝,媳妇,3
伟大,作品,3
结局,这是,3
成立,雷霆,3
一部,不是,3
大江大河,时候,3
亲爱,大江,3
大江,追剧,3
同行,大江,3
电视剧,这么,3
宋运辉,成长,3
复婚,宋运辉,3
两年,大江,3
各位,大江,3
怎么,这样,3
大江,拆开,3
大江,心有,3
大江,林夕,3
大江,鸡腿,3
加油,我们,3
大江,王凯,3
大江,精彩,3
大江,演绎,3
大江,我们,3
导演,王凯,3
不够,第三部,3
不了,第三部,3
不会,希望,3
地方,宋运辉,3
一个,一枪,3
一枪,地方,3
一个,地方,3
一个,把手,3
怎么,把手,3
把手,直接,3
位置,把手,3
必须,把手,3
下放,把手,3
历练,把手,3
工作,把手,3
时代,结局,3
第三部,结尾,3
播放,这么,2
不如,这么,2
这么,鲜肉,2
之类,这么,2
什么,怎么,2
别想,预告,2
中国,历史,2
历史,没有,2
一定,中国,2
中国,今天,2
一定,没有,2
没有,记住,2
改革开放,没有,2
今天,没有,2
结局,虽然,2
就是,结局,2
一样,结局,2
开颜,知道,2
以后,小辉,2
已经,最后,2
最后,知道,2
多久,最后,2
多久,知道,2
感觉,最后,2
最后,第三季,2
一个,时代,2
出来,希望,2
宋运辉,现实,2
人物,这个,2
现实,这个,2
一下,大江,2
大江,知道,2
一下,最后,2
必须,第三部,2
一集,大江,2
大江,换成,2
就是,才能,2
只有,才能,2
中国,这样,2
祖国,繁荣昌盛,2
山海,正午,2
山海,阳光,2
出品,山海,2
出品,正午,2
出品,阳光,2
一个,家族,2
一个,命运,2
一个,总要,2
一个,出来,2
一个,牺牲,2
东宝,梁思申,2
她姐,好像,2
她姐,时候,2
东宝,时候,2
她姐,读书,2
她姐,更好,2
她姐,如果,2
她姐,没死,2
也许,她姐,2
东宝,她姐,2
不会,她姐,2
坐牢,她姐,2
东宝,读书,2
东宝,如果,2
时候,第一部,2
一集,舍不得,2
一集,开启,2
一集,两集强,2
角色,这个,2
一部,希望,2
工作,时候,2
已经,希望,2
工作,已经,2
会员,干饭,2
干饭,说话,2
干饭,高调,2
干饭,第三部,2
什么,干饭,2
干饭,时候,2
什么,第三部,2
看着,长大,2
变老,看着,2
一晃,看着,2
好几年,看着,2
宋运辉,长大,2
变老,宋运辉,2
一晃,宋运辉,2
好几年,宋运辉,2
留个,结束,2
喜欢,大江大河,2
喜欢,这部,2
所有,演员,2
理性,过日子,2
不能,理性,2
理性,还是,2
撒娇,理性,2
合适,理性,2
不能,还是,2
为了,还是,2
为了,自己,2
可是,自己,2
不能,自己,2
别人,自己,2
第一季,结婚,2
第一季,金州,2
第一季,第二季,2
第一季,第三季,2
结婚,金州,2
第二季,结婚,2
离婚,结婚,2
东海,结婚,2
第三季,结婚,2
中国,结婚,2
第二季,金州,2
第三季,金州,2
第三季,第二季,2
一下,现在,2
几十年,我们,2
我们,西方,2
几百年,我们,2
几十年,国家,2
国家,西方,2
几百年,国家,2
几十年,西方,2
几百年,西方,2
中国,现在,2
农村,没有,2
天然气,自来水,2
几年,房子,2
自来水,那里,2
乡下,自来水,2
自来水,还是,2
泉水,自来水,2
现在,还是,2
年轻人,问题,2
一部分,只是,2
小时候,自来水,2
东宝,时间,2
你们,农村,2
什么,农村,2
为了,结局,2
结局,陪衬,2
小宋,结局,2
小梁,结局,2
以及,结局,2
三个,结局,2
归乡,结局,2
一幕,结局,2
东海,可能,2
什么,国家,2
什么,利益,2
一起,什么,2
利益,国家,2
两人,利益,2
利益,就是,2
一起,利益,2
利益,擦亮眼睛,2
不是,现在,2
地方,城市,2
中国,知道,2
知道,还有,2
地方,知道,2
发展,知道,2
中国,还有,2
为什么,没有,2
主旋律,国家,2
三条,代表,2
三条,国家,2
国家,成长,2
代表,国家,2
已经,浙江,2
可以,年轻人,2
可以,真的,2
可以,自强不息,2
可以,面对,2
任何,可以,2
可以,问题,2
全力以赴,可以,2
不会,应该,2
应该,结局,2
第三季,结局,2
几年,村里,2
几年,没有,2
村里,没有,2
公路,没有,2
夜路,没有,2
没有,火把,2
东海,宁波,2
看雷,第二部,2
事业,第二部,2
主题,第二部,2
升华,第二部,2
挺不错,第二部,2
基本,希望,2
农村,现在,2
宋运辉,巡雷,2
东宝,巡雷,2
一些,东宝,2
宋运辉,希望,2
国家,希望,2
希望,成为,2
希望,现化,2
希望,强国,2
宋运辉,我们,2
发展,我们,2
孩子,开颜,2
孩子,老婆,2
不了,中国,2
一个,世界,2
世界,国家,2
一个,国家,2
一个,理想,2
一个,男人,2
付出,理想,2
各位,国家,2
各位,现在,2
国家,放心,2
落后,还是,2
北方,落后,2
城市,落后,2
现实生活,这样,2
存在,影响,2
中国,最强,2
中国,最快,2
中国,应该,2
中国,缔造者,2
中国,建设者,2
乡镇,没有,2
宋运辉,我国,2
合资,成功,2
合资,没有,2
成功,没有,2
年月日,正在,2
正午,正在,2
正在,阳光,2
正在,董事长,2
侯鸿亮,正在,2
宣布,正在,2
大江大河,正在,2
剧本,正在,2
创作,正在,2
宋运辉,梁思申,2
农村,这么,2
时候,这么,2
平了,这么,2
为什么,领导,2
一部分,然后,2
一部分,大江,2
先富起来,然后,2
先富起来,大江,2
厉害,然后,2
然后,白眼,2
付出,很多,2
不要,宋运辉,2
宋运辉,自己,2
宋运辉,程度,2
存在,宋运辉,2
华人,总是,2
华人,各国,2
但是,华人,2
你们,华人,2
华人,知道,2
中国,华人,2
华人,改革开放,2
华人,多大码,2
你们,知道,2
一个,女人,2
一个,青春,2
一个,生儿育女,2
出来,放到,2
现在,进去,2
出来,半天,2
出来,西安,2
出来,那个,2
出来,放炮,2
进去,那个,2
为什么,眼里,2
为什么,常含,2
为什么,泪水,2
为什么,土地,2
为什么,深沉,2
常含,眼里,2
泪水,眼里,2
因为,眼里,2
土地,眼里,2
深沉,眼里,2
常含,泪水,2
因为,常含,2
土地,常含,2
常含,深沉,2
因为,泪水,2
土地,泪水,2
泪水,深沉,2
因为,土地,2
因为,深沉,2
土地,深沉,2
怎么,结尾,2
每季,结尾,2
不是,大江,2
下去,导演,2
你们,领导,2
东宝,你们,2
个体,发展,2
东宝,这样,2
喜欢,很多,2
很多,这种,2
很多,氛围,2
很多,电视剧,2
很多,无形中,2
很多,教会,2
应该,牌子,2
应该,颜色,2
应该,政府,2
应该,黑色,2
党委,应该,2
应该,红色,2
出来,村里,2
为了,政府,2
回去,政府,2
为什么,这样,2
为什么,人物,2
喜欢,现在,2
因为,现在,2
现在,这号,2
大家,现在,2
想要,现在,2
为民,现在,2
现在,领导,2
人物,喜欢,2
因为,这样,2
根本,这样,2
没有,这样,2
这号,这样,2
大家,这样,2
想要,这样,2
为民,这样,2
这样,领导,2
人物,因为,2
人物,根本,2
人物,没有,2
人物,这号,2
人物,大家,2
人物,想要,2
一个,人物,2
为民,人物,2
人物,领导,2
因为,没有,2
大家,没有,2
一个,没有,2
小楼,开心,2
东宝,小楼,2
回来,小楼,2
上海,小楼,2
小楼,找房,2
四井,小楼,2
卖楼,小楼,2
东宝,开心,2
可以,大江,2
可以,白眼,2
这个,那个,2
乡长,说话,2
乡长,看不起,2
乡长,小辉,2
东宝,可是,2
一个,以前,2
剧情,没有,2
客气,这么,2
大学,觉得,2
乡长,大学,2
大学,就是,2
出生,大学,2
一定,大学,2
乡长,官威,2
应该,这么,2
乡长,领导,2
人家,怎么,2
小辉,怎么,2
今天,明天,2
你们,加油,2
不是,党员,2
党员,干部,2
党员,总归,2
之间,党员,2
党员,谈话,2
党员,可以,2
东宝,创业,2
监狱,表面,2
改造,表面,2
实际上,表面,2
创办,表面,2
一个,表面,2
创业,表面,2
中心,表面,2
改造,监狱,2
实际上,监狱,2
创办,监狱,2
一个,监狱,2
实际上,改造,2
创办,改造,2
一个,改造,2
创业,改造,2
中心,改造,2
创办,实际上,2
一个,实际上,2
创业,实际上,2
中心,实际上,2
一个,创办,2
创业,创办,2
中心,创办,2
一个,创业,2
一个,中心,2
个体,集体,2
两年,乡长,2
乡长,还是,2
不远,乡长,2
乡长,多金贵,2
两年,还是,2
人家,干部,2
干部,科级,2
人物,怎么,2
原著,政府,2
一年,东宝,2
东宝,提高,2
不少,东宝,2
一年,不少,2
东宝,绝对,2
乡长,绝对,2
弹幕,绝对,2
放心,绝对,2
不到,绝对,2
犯错误,绝对,2
弹幕,这个,2
放心,这个,2
不到,这个,2
犯错误,这个,2
时代,过去,2
时代,现在,2
出来,挺苦,2
出来,开始,2
几集,出来,2
东宝,拍桌子,2
县长,拍桌子,2
拍桌子,现在,2
东宝,单干,2
东宝,直接,2
东宝,雷霆,2
大江,雷霆,2
东宝,工人,2
乡长,自己,2
十几,这个,2
二十几年,这个,2
不同,乡长,2
乡长,十几,2
乡长,二十几年,2
一样,能耐,2
人家,集体,2
关系,集体,2
大江,集体,2
阿播,集体,2
一个,人家,2
人家,这么,2
一个,政府,2
一个,已经,2
一个,客气,2
人员,刑满释放,2
没有,自己,2
企业,现在,2
思想,村里,2
企业,村里,2
属于,村里,2
村里,根本,2
不用,村里,2
乡长,行贿,2
就是,村长,2
是不是,见识,2
是不是,经历,2
不爱发,是不是,2
是不是,评论,2
东宝,人雷,2
乡长,对付,2
对付,这样,2
对付,高帽子,2
先带,对付,2
对付,然后,2
对付,开始,2
事情,对付,2
乡长,这样,2
乡长,高帽子,2
乡长,先带,2
乡长,然后,2
这样,高帽子,2
先带,这样,2
然后,这样,2
开始,这样,2
事情,这样,2
先带,高帽子,2
然后,高帽子,2
开始,高帽子,2
事情,高帽子,2
先带,然后,2
先带,开始,2
事情,先带,2
事情,然后,2
事情,开始,2
我们,需要,2
乡长,杨巡,2
县里,现在,2
以前,平原,2
东宝,这里,2
一集,东宝,2
专业,人管,2
专业,足协,2
专业,现在,2
专业,明白,2
专业,这个,2
专业,道理,2
明白,现在,2
东宝,小说,2
东宝,那么,2
不是,最后,2
几个,这个,2
乡镇,知道,2
东宝,这是,2
一半,现在,2
一半,县里,2
一半,相当于,2
一半,国家,2
一半,国企,2
县里,股份,2
相当于,股份,2
国家,股份,2
国企,股份,2
小辉,杨巡,2
企业,好多,2
事情,我雷,2
东宝,事情,2
事情,出过,2
一次,事情,2
不拉着,事情,2
事情,后面,2
事情,这么,2
乡长,能力,2
不错,乡长,2
不错,能力,2
发展,然后,2
就是,我们,2
年代,那个,2
乡长,大家,2
乡长,没错,2
乡长,大江,2
乡长,厉害,2
大家,没错,2
大家,就是,2
大家,现实,2
大家,直接,2
厉害,大家,2
就是,没错,2
没错,现实,2
没错,直接,2
大江,没错,2
厉害,没错,2
就是,直接,2
大江,就是,2
厉害,就是,2
现实,直接,2
大江,现实,2
厉害,现实,2
大江,直接,2
厉害,直接,2
以前,大学,2
家里,知道,2
大学,知道,2
现在,知道,2
大学,家里,2
再创,辉煌,2
县级,就是,2
四部,跟着,2
四部,时间,2
四部,点来,2
四部,演到,2
三月,四部,2
整把,老子,2
整把,来复,2
我们,整把,2
再创,整把,2
整把,辉煌,2
乡长,以为,2
乡长,支持,2
乡长,坐地,2
乡长,傻子,2
乡长,愿意,2
出来,应该,2
东宝,告诉,2
一个,脾气,2
屁乡,这么,2
屁乡,脾气,2
这么,长官,2
脾气,长官,2
脾气,这么,2
正科级,达到,2
升级,达到,2
一样,平级,2
一样,但是,2
一样,待遇,2
一个,徐到,2
一个,平原,2
一个,到楚,2
一个,胖雷,2
一个,实力,2
一个,征服,2
还是,领导,2
东宝,得到,2
思路,领导,2
主动,领导,2
政绩,领导,2
几任,领导,2
得到,领导,2
不要,领导,2
小看,领导,2
实干家,领导,2
县市,领导,2
好多,领导,2
原著,美化,2
乡里,支持,2
成立,集团,2
成立,最后,2
最后,集团,2
政绩,这样,2
标准,达到,2
宋运辉,杨巡,2
东宝,角色,2
大江,这个,2
大江,彻底,2
大江,配角,2
大江,愤怒,2
起来,这么,2
自己,这么,2
坏人,好人,2
不同,比镇,2
不同,傻子,2
不同,只是,2
不同,产业结构,2
不同,定位,2
不同,而已,2
同一,行政级别,2
乡镇,农业,2
乡镇,其他,2
一样,这个,2
一样,乡长,2
一样,级别,2
级别,非农业,2
区别,发达,2
以前,市里,2
市里,平原,2
市里,等于,2
关系,市里,2
一样,前面,2
东宝,前面,2
发展,现在,2
一个,只是,2
一个,人口数量,2
人口数量,级别,2
一些,级别,2
一样,同级,2
一样,县级市,2
两年,说老实话,2
一个,乡镇,2
级别,镇长,2
副厅,镇长,2
县长,级别,2
副厅,级别,2
副厅,县长,2
一个,还是,2
没有,绝对,2
处级,级别,2
剧情,第三部,2
出现,开始,2
今天,抛弃,2
因为,抛弃,2
不够,抛弃,2
出色,抛弃,2
只有,没有,2
乡镇,只是,2
东宝,开会,2
东宝,跟着,2
妈呀,激动,2
激动,跟着,2
威信,激动,2
全心全意,大家,2
大家,好日子,2
大家,记得,2
东宝,第一次,2
开心,这么,2
激动,这么,2
不错,村子,2
我们,村子,2
村子,现在,2
村子,这边,2
差不多,村子,2
现在,自己,2
媳妇,现在,2
一个,这些,2
一个,群演,2
一个,大结局,2
一个,那个,2
东宝,可以,2
一下,东宝,2
作品,这部,2
兄弟,第三部,2
猴鸿亮,第三部,2
剧本,第三部,2
创作,第三部,2
共事,怎么,2
什么,情况,2
你们,雷霆,2
可能,自己,2
你们,只能,2
东宝,厉害,2
东宝,村级,2
东宝,企业,2
企业,厉害,2
企业,村级,2
乡级,企业,2
企业,难怪,2
书记,企业,2
不会,电视剧,2
不会,肯定,2
不会,小说,2
没有,肯定,2
肯定,那么,2
肯定,顺利,2
几个,肯定,2
因为,肯定,2
利益,肯定,2
肯定,背叛,2
产权,厂子,2
不能,厂子,2
厂子,随便,2
产权,变更,2
乡里,产权,2
产权,拿走,2
不能,变更,2
不能,乡里,2
不能,拿走,2
变更,随便,2
乡里,随便,2
拿走,随便,2
东宝,几个,2
两个,两年,2
三个,两年,2
宋运辉,没有,2
一个,开颜,2
东宝,孩子,2
弹幕,精彩,2
奇怪,还是,2
好几百万,还是,2
往里,还是,2
税费,还是,2
好几十万,还是,2
吃不上,还是,2
异议,高帽,2
价值观,异议,2
异议,打压,2
异议,瞬间,2
事定,异议,2
异议,没有,2
合谋,异议,2
异议,时间,2
同意,还是,2
同意,霸王,2
同意,重新,2
同意,投票,2
为止,同意,2
不是,可能,2
一部,现在,2
一部,电视,2
一部,学尖,2
一下,一部,2
一部,改成,2
一部,说不完,2
东宝,画饼,2
实现,画饼,2
实现,怎么,2
东宝,实现,2
你们,大家,2
集团,雷霆,2
最后,雷霆,2
收购,雷霆,2
超音速队,雷霆,2
改成,雷霆,2
队哈,雷霆,2
出狱,大江,2
之后,大江,2
大江,成为,2
大江,画饼,2
大师,大江,2
厉害,工人,2
弹幕,第一次,2
可能,时候,2
东宝,投票,2
可以,领导,2
套路,意思,2
会员,套路,2
不能,套路,2
大江,套路,2
套路,工人,2
知道,第三部,2
知道,结局,2
出来,还有,2
第三部,编剧,2
心里,还是,2
再见,感谢,2
再见,工人,2
工人,感谢,2
宋运辉,经济,2
一如既往,东海,2
东海,运转,2
东海,可是,2
一手,东海,2
东海,建起,2
希望,这些,2
可以,第三部,2
结局,这部,2
发展,结局,2
还有,这是,2
宋运辉,还有,2
不能,还有,2
东宝,还有,2
不能,第三部,2
这么,那些,2
这么,都市,2
出来,这么,2
中国,出来,2
小辉,起来,2
宋运辉,小猫,2
小猫,成长,2
复婚,小猫,2
内心,宋运辉,2
宋运辉,还是,2
善良,宋运辉,2
宋运辉,起来,2
公平,明白,2
摘桃,明白,2
宋对梁,明白,2
明白,的话,2
明白,表达,2
主旨,明白,2
喜欢,第三部,2
不是,宁波,2
不是,镇海,2
宁波,镇海,2
大江大河,已经,2
代表,只是,2
代表,时候,2
代表,奋斗,2
一部分,代表,2
中国,只是,2
中国,时候,2
中国,奋斗,2
一部分,中国,2
这部,部才,2
剧分,部才,2
上下,部才,2
两部,部才,2
前面,部才,2
上部,部才,2
下部,部才,2
还有,部才,2
完整,部才,2
一年,大家,2
为了,暂时,2
为了,蛰伏,2
为了,更好,2
为了,修炼,2
为了,完善,2
为了,自我,2
为了,梦想,2
一个,结局,2
后面,应该,2
不会,后面,2
后面,演了,2
后面,因为,2
后面,改革,2
后面,建厂,2
后面,这些,2
剧组,后面,2
后面,多钱,2
不会,因为,2
不会,这些,2
因为,这些,2
希望,找到,2
工作,找到,2
东海,洛达,2
一年,相遇,2
你们,再见,2
再见,相遇,2
大家,相遇,2
你们,相遇,2
相遇,这么,2
开心,相遇,2
两年,什么,2
什么,各位,2
各位,样子,2
各位,安好,2
各位,终归,2
东海,化肥厂,2
东海,生产,2
东海,化肥,2
东海,养猪,2
东海,然后,2
东海,加入,2
东海,雷霆,2
东海,公司,2
第二部,这样,2
这样,难受,2
看着,这样,2
我们,自己,2
之后,自己,2
编号,自己,2
自己,认领,2
个人,名誉,2
东海,完成,2
各位朋友,自己,2
加油,自己,2
自己,遇到,2
加油,白眼,2
体制,肯定,2
体制,离开,2
一部,体制,2
体制,充分说明,2
体制,弊端,2
上次,两年,2
三年,两年,2
宋运辉,时候,2
再次,时候,2
下车,时候,2
大江,诸位,2
大江,有幸,2
大江,追同,2
一部,大江,2
大江,顺利,2
大江,快乐,2
大江,好家伙,2
大江,开车,2
上次,大江,2
加油,时代,2
加油,洪流,2
加油,宋运辉,2
加油,生命不息,2
加油,奋斗,2
不止,加油,2
第三部,结束,2
十年,导演,2
导演,老成,2
宋运辉,导演,2
不够,王凯,2
不了,王凯,2
十年,王凯,2
王凯,老成,2
宋运辉,王凯,2
电视剧,第三部,2
小辉用,这样,2
心血,这样,2
东海,这样,2
离开,这样,2
大结局,这样,2
一个,再见,2
大江大河,第三部,2
应该,第三部,2
一个,这是,2
时代,这是,2
缩影,这是,2
这代人,这是,2
理想,这是,2
付出,这是,2
最好,这是,2
时代,最好,2
两年,后建愿,2
两年,进步,2
最后,看到,2
最后,老板,2
留着,第三部,2
如果说,第三部,2
中国,建设,2
宋运辉,建设,2
伟大,只有,2
伟大,经历,2
伟大,这个,2
伟大,时代,2
伟大,才能,2
伟大,写出,2
怎么,播放,1
不如,怎么,1
怎么,鲜肉,1
之类,怎么,1
不如,播放,1
什么,播放,1
播放,鲜肉,1
之类,播放,1
不如,什么,1
不如,鲜肉,1
不如,之类,1
什么,鲜肉,1
之类,什么,1
之类,鲜肉,1
别想,第三部,1
别想,因为,1
别想,第一部,1
别想,完结,1
别想,时候,1
别想,这部,1
一定,历史,1
历史,记住,1
历史,改革开放,1
今天,历史,1
一定,记住,1
一定,改革开放,1
一定,今天,1
改革开放,记住,1
今天,记住,1
今天,改革开放,1
不如意,虽然,1
就是,虽然,1
现实,虽然,1
希望,虽然,1
第三部,虽然,1
一样,虽然,1
不如意,结局,1
现实,结局,1
希望,结局,1
不如意,就是,1
不如意,现实,1
不如意,希望,1
不如意,第三部,1
一样,不如意,1
就是,希望,1
就是,第三部,1
一样,就是,1
希望,现实,1
现实,第三部,1
一样,现实,1
一样,希望,1
一样,第三部,1
一直,平铺直叙,1
一直,等到,1
一直,最后,1
一直,几集,1
一直,心窝子,1
一直,你们,1
一直,成功,1
平铺直叙,等到,1
平铺直叙,最后,1
几集,平铺直叙,1
平铺直叙,心窝子,1
你们,平铺直叙,1
平铺直叙,成功,1
最后,等到,1
几集,等到,1
心窝子,等到,1
你们,等到,1
成功,等到,1
几集,最后,1
心窝子,最后,1
你们,最后,1
成功,最后,1
几集,心窝子,1
你们,几集,1
几集,成功,1
你们,心窝子,1
心窝子,成功,1
你们,成功,1
宋运辉,老丈人,1
宋运辉,小辉,1
以后,宋运辉,1
知道,老丈人,1
小辉,知道,1
以后,知道,1
小辉,老丈人,1
以后,老丈人,1
开颜,老丈人,1
小辉,开颜,1
以后,开颜,1
农村,拆头,1
一万,农村,1
农村,利息,1
一年,农村,1
一千二,农村,1
农村,只要,1
农村,能信,1
农村,没人,1
农村,着急,1
一万,拆头,1
利息,拆头,1
一年,拆头,1
一千二,拆头,1
只要,拆头,1
拆头,能信,1
拆头,没人,1
拆头,着急,1
一万,利息,1
一万,一年,1
一万,一千二,1
一万,只要,1
一万,能信,1
一万,没人,1
一万,着急,1
一年,利息,1
一千二,利息,1
利息,只要,1
利息,能信,1
利息,没人,1
利息,着急,1
一千二,一年,1
一年,只要,1
一年,能信,1
一年,没人,1
一年,着急,1
一千二,只要,1
一千二,能信,1
一千二,没人,1
一千二,着急,1
只要,能信,1
只要,没人,1
只要,着急,1
没人,能信,1
着急,能信,1
没人,着急,1
已经,舍得,1
最后,舍得,1
一集,舍得,1
下部,舍得,1
知道,舍得,1
多久,舍得,1
下部,已经,1
已经,知道,1
多久,已经,1
下部,最后,1
一集,下部,1
一集,知道,1
一集,多久,1
下部,知道,1
下部,多久,1
很多,最后,1
故事,最后,1
最后,讲完,1
一集,感觉,1
一集,很多,1
一集,故事,1
一集,讲完,1
一集,第三季,1
很多,感觉,1
感觉,故事,1
感觉,讲完,1
感觉,第三季,1
很多,故事,1
很多,讲完,1
很多,第三季,1
故事,讲完,1
故事,第三季,1
第三季,讲完,1
初中,毕业,1
做到,初中,1
初中,院长,1
初中,助理,1
初中,老板,1
初中,清华,1
做到,毕业,1
毕业,院长,1
助理,毕业,1
毕业,老板,1
毕业,清华,1
做到,院长,1
做到,助理,1
做到,老板,1
做到,清华,1
助理,院长,1
老板,院长,1
清华,院长,1
助理,老板,1
助理,清华,1
清华,老板,1
大伯,应该,1
一个,大伯,1
大伯,时代,1
大伯,自学考,1
大伯,大学,1
应该,时代,1
应该,自学考,1
大学,应该,1
一个,自学考,1
一个,大学,1
时代,自学考,1
大学,时代,1
大学,自学考,1
完结,撒花,1
完结,希望,1
完结,第三部,1
出来,完结,1
完结,时候,1
完结,我能,1
完结,考上,1
公务员,完结,1
希望,撒花,1
撒花,第三部,1
出来,撒花,1
撒花,时候,1
我能,撒花,1
撒花,考上,1
公务员,撒花,1
希望,我能,1
希望,考上,1
公务员,希望,1
我能,第三部,1
第三部,考上,1
公务员,第三部,1
出来,我能,1
出来,考上,1
公务员,出来,1
我能,时候,1
时候,考上,1
公务员,时候,1
我能,考上,1
公务员,我能,1
公务员,考上,1
人物,宋运辉,1
宋运辉,董明珠,1
好像,宋运辉,1
一线,宋运辉,1
做起,宋运辉,1
董明珠,这个,1
好像,这个,1
一线,这个,1
做起,这个,1
人物,现实,1
人物,董明珠,1
人物,好像,1
一线,人物,1
人物,做起,1
现实,董明珠,1
好像,现实,1
一线,现实,1
做起,现实,1
好像,董明珠,1
一线,董明珠,1
做起,董明珠,1
一线,好像,1
做起,好像,1
一线,做起,1
多久,大江,1
大江,第三季,1
一下,阿播,1
最后,阿播,1
知道,阿播,1
多久,阿播,1
第三季,阿播,1
一下,知道,1
一下,多久,1
一下,第三季,1
知道,第三季,1
多久,第三季,1
从不,弹幕,1
从不,这剧,1
从不,必须,1
从不,留个,1
从不,表示,1
从不,我会,1
从不,第一,1
从不,时间,1
从不,第三部,1
弹幕,这剧,1
弹幕,必须,1
弹幕,留个,1
弹幕,表示,1
弹幕,我会,1
弹幕,第一,1
弹幕,时间,1
弹幕,第三部,1
必须,这剧,1
留个,这剧,1
表示,这剧,1
我会,这剧,1
第一,这剧,1
时间,这剧,1
第三部,这剧,1
必须,留个,1
必须,表示,1
必须,我会,1
必须,第一,1
必须,时间,1
留个,表示,1
我会,留个,1
留个,第一,1
时间,留个,1
留个,第三部,1
我会,表示,1
第一,表示,1
时间,表示,1
第三部,表示,1
我会,第一,1
我会,时间,1
我会,第三部,1
时间,第一,1
第一,第三部,1
时间,第三部,1
大家,最后,1
换成,最后,1
加油,最后,1
周年,最后,1
一集,大家,1
一集,换成,1
一集,加油,1
一集,周年,1
大家,换成,1
加油,大家,1
周年,大家,1
加油,换成,1
周年,换成,1
加油,周年,1
看宋,第三部,1
第三部,运辉雷,1
巡场,第三部,1
一飞冲天,第三部,1
大展宏图,第三部,1
看宋,运辉雷,1
东宝,看宋,1
巡场,看宋,1
一飞冲天,看宋,1
大展宏图,看宋,1
东宝,运辉雷,1
巡场,运辉雷,1
一飞冲天,运辉雷,1
大展宏图,运辉雷,1
东宝,巡场,1
一飞冲天,东宝,1
东宝,大展宏图,1
一飞冲天,巡场,1
大展宏图,巡场,1
一飞冲天,大展宏图,1
剧情,对面,1
只到,对面,1
对面,小说,1
一半,对面,1
对面,电视剧,1
对面,还会,1
对面,难说,1
剧情,只到,1
剧情,小说,1
一半,剧情,1
剧情,电视剧,1
剧情,还会,1
剧情,难说,1
只到,小说,1
一半,只到,1
只到,电视剧,1
只到,还会,1
只到,难说,1
一半,小说,1
小说,还会,1
小说,难说,1
一半,电视剧,1
一半,还会,1
一半,难说,1
电视剧,还会,1
电视剧,难说,1
还会,难说,1
最狠,角色,1
宋运萍,最狠,1
最狠,田晓霞,1
大江,最狠,1
最狠,阿播,1
宋运萍,角色,1
田晓霞,角色,1
角色,阿播,1
宋运萍,田晓霞,1
大江,宋运萍,1
宋运萍,阿播,1
大江,田晓霞,1
田晓霞,阿播,1
各位,看官,1
各位,这集,1
各位,我们,1
各位,大概,1
各位,才能,1
各位,见面,1
看官,这集,1
我们,看官,1
大概,看官,1
两年,看官,1
才能,看官,1
看官,见面,1
我们,这集,1
大概,这集,1
两年,这集,1
才能,这集,1
见面,这集,1
大概,我们,1
我们,才能,1
我们,见面,1
大概,才能,1
大概,见面,1
两年,才能,1
两年,见面,1
才能,见面,1
宋运辉,格局,1
只有,宋运辉,1
宋运辉,才能,1
宋运辉,更好,1
就是,格局,1
只有,格局,1
格局,这样,1
中国,格局,1
才能,格局,1
发展,格局,1
更好,格局,1
只有,就是,1
就是,这样,1
中国,就是,1
就是,更好,1
只有,这样,1
中国,只有,1
发展,只有,1
只有,更好,1
才能,这样,1
更好,这样,1
中国,才能,1
中国,更好,1
发展,才能,1
才能,更好,1
发展,更好,1
平安无事,祖国,1
祖国,骚粉,1
祖国,自己,1
代言,祖国,1
平安无事,繁荣昌盛,1
繁荣昌盛,骚粉,1
繁荣昌盛,自己,1
代言,繁荣昌盛,1
平安无事,骚粉,1
平安无事,自己,1
代言,平安无事,1
自己,骚粉,1
代言,骚粉,1
代言,自己,1
好开心,梁思申,1
梁思申,终于,1
来到,梁思申,1
梁思申,老师,1
小时候,梁思申,1
地方,梁思申,1
好开心,终于,1
好开心,来到,1
好开心,老师,1
好开心,小时候,1
地方,好开心,1
来到,终于,1
终于,老师,1
小时候,终于,1
地方,终于,1
来到,老师,1
小时候,来到,1
地方,来到,1
小时候,老师,1
地方,老师,1
地方,小时候,1
山海,情吧,1
孔笙,山海,1
导演,山海,1
山海,洪亮,1
山海,纸片,1
孔笙,情吧,1
导演,情吧,1
情吧,洪亮,1
情吧,纸片,1
情吧,正午,1
情吧,阳光,1
出品,情吧,1
孔笙,导演,1
孔笙,洪亮,1
孔笙,纸片,1
孔笙,正午,1
孔笙,阳光,1
出品,孔笙,1
导演,洪亮,1
导演,纸片,1
导演,正午,1
导演,阳光,1
出品,导演,1
洪亮,纸片,1
正午,洪亮,1
洪亮,阳光,1
出品,洪亮,1
正午,纸片,1
纸片,阳光,1
出品,纸片,1
家族,改变,1
命运,改变,1
总要,改变,1
出来,改变,1
改变,牺牲,1
改变,自己,1
命运,家族,1
家族,总要,1
出来,家族,1
家族,牺牲,1
家族,自己,1
命运,总要,1
出来,命运,1
命运,牺牲,1
命运,自己,1
出来,总要,1
总要,牺牲,1
总要,自己,1
出来,牺牲,1
出来,自己,1
牺牲,自己,1
东宝,期待,1
功成名就,期待,1
小辉,期待,1
引领,期待,1
化工,期待,1
期待,迎娶,1
期待,梁思申,1
功成名就,第三部,1
小辉,第三部,1
引领,第三部,1
化工,第三部,1
第三部,迎娶,1
梁思申,第三部,1
东宝,功成名就,1
东宝,引领,1
东宝,化工,1
东宝,迎娶,1
功成名就,小辉,1
功成名就,引领,1
功成名就,化工,1
功成名就,迎娶,1
功成名就,梁思申,1
小辉,引领,1
化工,小辉,1
小辉,迎娶,1
小辉,梁思申,1
化工,引领,1
引领,迎娶,1
引领,梁思申,1
化工,迎娶,1
化工,梁思申,1
梁思申,迎娶,1
好像,时候,1
好像,读书,1
好像,更好,1
好像,如果,1
好像,没死,1
也许,好像,1
东宝,好像,1
不会,好像,1
坐牢,好像,1
时候,读书,1
时候,更好,1
如果,时候,1
时候,没死,1
也许,时候,1
不会,时候,1
坐牢,时候,1
更好,读书,1
如果,读书,1
没死,读书,1
也许,读书,1
不会,读书,1
坐牢,读书,1
如果,更好,1
更好,没死,1
也许,更好,1
东宝,更好,1
不会,更好,1
坐牢,更好,1
如果,没死,1
也许,如果,1
不会,如果,1
坐牢,如果,1
也许,没死,1
东宝,没死,1
不会,没死,1
坐牢,没死,1
东宝,也许,1
不会,也许,1
也许,坐牢,1
不会,东宝,1
东宝,坐牢,1
不会,坐牢,1
好不容易,演员,1
演员,第一部,1
时候,演员,1
故意,演员,1
演员,那么,1
好不容易,第一部,1
好不容易,时候,1
好不容易,故意,1
好不容易,那么,1
故意,第一部,1
第一部,那么,1
故意,时候,1
时候,那么,1
故意,那么,1
最后,舍不得,1
开启,最后,1
两集强,最后,1
已经,舍不得,1
开启,舍不得,1
两集强,舍不得,1
已经,开启,1
两集强,已经,1
两集强,开启,1
王凯,真是,1
王凯,适合,1
小辉,王凯,1
王凯,这个,1
王凯,角色,1
比起,王凯,1
清平乐,王凯,1
王凯,皇帝,1
真是,适合,1
小辉,真是,1
真是,这个,1
真是,角色,1
比起,真是,1
清平乐,真是,1
皇帝,真是,1
小辉,适合,1
这个,适合,1
角色,适合,1
比起,适合,1
清平乐,适合,1
皇帝,适合,1
小辉,这个,1
小辉,角色,1
小辉,比起,1
小辉,清平乐,1
小辉,皇帝,1
比起,这个,1
清平乐,这个,1
皇帝,这个,1
比起,角色,1
清平乐,角色,1
皇帝,角色,1
比起,清平乐,1
比起,皇帝,1
清平乐,皇帝,1
瑞干院,黄京,1
教授,瑞干院,1
瑞干院,留念,1
想念,瑞干院,1
瑞干院,这些,1
学员,瑞干院,1
教授,黄京,1
留念,黄京,1
想念,黄京,1
这些,黄京,1
学员,黄京,1
教授,留念,1
想念,教授,1
教授,这些,1
学员,教授,1
想念,留念,1
留念,这些,1
学员,留念,1
想念,这些,1
学员,想念,1
学员,这些,1
一部,再出,1
一部,时候,1
一部,已经,1
一部,工作,1
一番,一部,1
一部,作为,1
再出,时候,1
再出,希望,1
再出,已经,1
再出,工作,1
一番,再出,1
作为,再出,1
一番,时候,1
作为,时候,1
一番,希望,1
作为,希望,1
一番,已经,1
作为,已经,1
一番,工作,1
作为,工作,1
一番,作为,1
两年,还好,1
一无所有,两年,1
两年,负责,1
现在,还好,1
一无所有,还好,1
负责,还好,1
一无所有,现在,1
现在,负责,1
一无所有,负责,1
会员,说话,1
会员,高调,1
会员,第三部,1
什么,会员,1
会员,时候,1
说话,高调,1
第三部,说话,1
什么,说话,1
时候,说话,1
第三部,高调,1
什么,高调,1
时候,高调,1
变老,长大,1
一晃,长大,1
好几年,长大,1
一晃,变老,1
变老,好几年,1
一晃,好几年,1
结束,马上,1
剧荒,马上,1
赶紧,马上,1
留个,马上,1
脚印,马上,1
第三季,马上,1
剧荒,结束,1
结束,赶紧,1
结束,脚印,1
第三季,结束,1
剧荒,赶紧,1
剧荒,留个,1
剧荒,脚印,1
剧荒,第三季,1
留个,赶紧,1
脚印,赶紧,1
第三季,赶紧,1
留个,脚印,1
留个,第三季,1
第三季,脚印,1
两年,时候,1
两年,改变,1
两年,蒋言君,1
希望,有所,1
希望,改变,1
希望,蒋言君,1
有所,第三部,1
改变,第三部,1
第三部,蒋言君,1
时候,有所,1
改变,时候,1
时候,蒋言君,1
改变,有所,1
有所,蒋言君,1
改变,蒋言君,1
今年,喜欢,1
今年,大江大河,1
今年,知道,1
今年,这部,1
今年,年龄,1
喜欢,知道,1
喜欢,年龄,1
大江大河,知道,1
大江大河,这部,1
大江大河,年龄,1
知道,这部,1
年龄,知道,1
年龄,这部,1
一次,为何,1
为何,所有,1
为何,剧情,1
为何,难道,1
为何,演员,1
一次,所有,1
一次,剧情,1
一次,难道,1
一次,演员,1
剧情,所有,1
所有,难道,1
剧情,难道,1
剧情,演员,1
演员,难道,1
不能,过日子,1
过日子,还是,1
撒娇,过日子,1
合适,过日子,1
不能,撒娇,1
不能,合适,1
撒娇,还是,1
合适,还是,1
合适,撒娇,1
可以,还是,1
发展,还是,1
不顾一切,还是,1
可是,还是,1
要求,还是,1
别人,还是,1
放弃,还是,1
名誉,还是,1
为了,可以,1
发展,可以,1
不顾一切,可以,1
可以,可是,1
不能,可以,1
可以,要求,1
别人,可以,1
可以,放弃,1
可以,自己,1
可以,名誉,1
为了,发展,1
不顾一切,为了,1
为了,可是,1
不能,为了,1
为了,要求,1
为了,别人,1
为了,放弃,1
为了,名誉,1
不顾一切,发展,1
发展,可是,1
不能,发展,1
发展,要求,1
别人,发展,1
发展,放弃,1
发展,自己,1
发展,名誉,1
不顾一切,可是,1
不能,不顾一切,1
不顾一切,要求,1
不顾一切,别人,1
不顾一切,放弃,1
不顾一切,自己,1
不顾一切,名誉,1
不能,可是,1
可是,要求,1
别人,可是,1
可是,放弃,1
可是,名誉,1
不能,要求,1
不能,别人,1
不能,放弃,1
不能,名誉,1
别人,要求,1
放弃,要求,1
自己,要求,1
名誉,要求,1
别人,放弃,1
别人,名誉,1
放弃,自己,1
名誉,放弃,1
名誉,自己,1
离婚,第一季,1
中国,第一季,1
离婚,金州,1
中国,金州,1
离婚,第二季,1
中国,第二季,1
东海,离婚,1
离婚,第三季,1
中国,离婚,1
东海,中国,1
中国,第三季,1
工会,离开,1
尽快,离开,1
离开,答复,1
甲方,离开,1
干净,离开,1
客服,离开,1
电话,离开,1
离开,高科技,1
尽快,工会,1
工会,答复,1
工会,甲方,1
工会,干净,1
客服,工会,1
工会,电话,1
工会,高科技,1
尽快,答复,1
尽快,甲方,1
尽快,干净,1
客服,尽快,1
尽快,电话,1
尽快,高科技,1
甲方,答复,1
干净,答复,1
客服,答复,1
电话,答复,1
答复,高科技,1
干净,甲方,1
客服,甲方,1
甲方,电话,1
甲方,高科技,1
客服,干净,1
干净,电话,1
干净,高科技,1
客服,电话,1
客服,高科技,1
电话,高科技,1
一下,遗憾,1
不要,遗憾,1
年代,遗憾,1
现在,遗憾,1
落后,遗憾,1
地方,遗憾,1
一下,不要,1
一下,年代,1
一下,这样,1
一下,落后,1
一下,地方,1
不要,年代,1
不要,现在,1
不要,这样,1
不要,落后,1
不要,地方,1
年代,现在,1
年代,这样,1
年代,落后,1
地方,年代,1
现在,落后,1
地方,现在,1
落后,这样,1
地方,这样,1
杨巡,杭州,1
找马云,杨巡,1
杨巡,见到,1
杨巡,马云提,1
名字,杨巡,1
杨巡,马云卖,1
人情,杨巡,1
找马云,杭州,1
杭州,见到,1
杭州,马云提,1
名字,杭州,1
杭州,马云卖,1
人情,杭州,1
找马云,见到,1
找马云,马云提,1
名字,找马云,1
找马云,马云卖,1
人情,找马云,1
见到,马云提,1
名字,见到,1
见到,马云卖,1
人情,见到,1
名字,马云提,1
马云卖,马云提,1
人情,马云提,1
名字,马云卖,1
人情,名字,1
人情,马云卖,1
发达国家,我们,1
发达国家,国家,1
几十年,发达国家,1
发达国家,西方,1
几百年,发达国家,1
我来,现在,1
告诉,现在,1
已经,现在,1
实现,现在,1
全民,现在,1
现在,脱贫,1
告诉,我来,1
中国,我来,1
已经,我来,1
实现,我来,1
全民,我来,1
我来,脱贫,1
中国,告诉,1
告诉,已经,1
告诉,实现,1
全民,告诉,1
告诉,脱贫,1
中国,已经,1
中国,实现,1
中国,全民,1
中国,脱贫,1
实现,已经,1
全民,已经,1
已经,脱贫,1
全民,实现,1
实现,脱贫,1
全民,脱贫,1
农村,大部分,1
大部分,没有,1
大部分,自来水,1
大部分,天然气,1
但是,大部分,1
大部分,网络,1
农村,自来水,1
农村,天然气,1
但是,农村,1
农村,网络,1
天然气,没有,1
没有,网络,1
但是,自来水,1
网络,自来水,1
但是,天然气,1
天然气,网络,1
但是,网络,1
时候,那个,1
我们,那个,1
山东,那个,1
淄博,那个,1
沂源,那个,1
还是,那个,1
土培房,那个,1
我们,时候,1
山东,时候,1
时候,淄博,1
时候,沂源,1
时候,还是,1
土培房,时候,1
山东,我们,1
我们,淄博,1
我们,沂源,1
土培房,我们,1
山东,淄博,1
山东,沂源,1
山东,还是,1
土培房,山东,1
沂源,淄博,1
淄博,还是,1
土培房,淄博,1
沂源,还是,1
土培房,沂源,1
土培房,还是,1
第一部,讲雷,1
是不是,第一部,1
东宝,讲雷,1
第二部,讲雷,1
宋运辉,讲雷,1
第三部,讲雷,1
是不是,讲雷,1
是不是,第二部,1
宋运辉,是不是,1
是不是,第三部,1
几年,巡家,1
几年,那样,1
几年,已经,1
几年,普通,1
几年,很多,1
几年,还是,1
几年,泥巴路,1
巡家,那样,1
巡家,已经,1
巡家,普通,1
巡家,很多,1
巡家,还是,1
巡家,房子,1
巡家,泥巴路,1
已经,那样,1
普通,那样,1
很多,那样,1
还是,那样,1
房子,那样,1
泥巴路,那样,1
已经,普通,1
已经,很多,1
已经,还是,1
已经,房子,1
已经,泥巴路,1
很多,普通,1
普通,还是,1
房子,普通,1
普通,泥巴路,1
很多,还是,1
很多,房子,1
很多,泥巴路,1
房子,还是,1
泥巴路,还是,1
房子,泥巴路,1
我们,那里,1
乡下,我们,1
我们,泉水,1
乡下,那里,1
现在,那里,1
没有,那里,1
还是,那里,1
泉水,那里,1
乡下,现在,1
乡下,没有,1
乡下,还是,1
乡下,泉水,1
泉水,现在,1
没有,还是,1
没有,泉水,1
泉水,还是,1
年轻人,需要,1
年轻人,面临,1
太多,年轻人,1
剧里,年轻人,1
体现,年轻人,1
只是,年轻人,1
一部分,年轻人,1
需要,面临,1
太多,需要,1
问题,需要,1
剧里,需要,1
体现,需要,1
只是,需要,1
一部分,需要,1
太多,面临,1
问题,面临,1
剧里,面临,1
体现,面临,1
只是,面临,1
一部分,面临,1
太多,问题,1
剧里,太多,1
体现,太多,1
只是,太多,1
一部分,太多,1
剧里,问题,1
体现,问题,1
只是,问题,1
一部分,问题,1
体现,剧里,1
剧里,只是,1
一部分,剧里,1
体现,只是,1
一部分,体现,1
可以,小时候,1
小时候,直接,1
小时候,现在,1
这部,里雷,1
东宝,这部,1
一半,这部,1
时间,这部,1
监狱,这部,1
不算,这部,1
主演,这部,1
东宝,里雷,1
一半,里雷,1
时间,里雷,1
监狱,里雷,1
不算,里雷,1
主演,里雷,1
一半,东宝,1
不算,东宝,1
东宝,主演,1
一半,时间,1
一半,监狱,1
一半,不算,1
一半,主演,1
时间,监狱,1
不算,时间,1
主演,时间,1
不算,监狱,1
主演,监狱,1
不算,主演,1
人俩,正事,1
人俩,科普,1
人俩,农村,1
人俩,差距,1
人俩,你们,1
人俩,什么,1
正事,科普,1
农村,正事,1
差距,正事,1
你们,正事,1
什么,正事,1
农村,科普,1
差距,科普,1
你们,科普,1
什么,科普,1
农村,差距,1
你们,差距,1
什么,差距,1
什么,你们,1
为了,这样,1
这样,陪衬,1
小说,这样,1
第三部,这样,1
小宋,这样,1
小梁,这样,1
以及,这样,1
三个,这样,1
孩子,这样,1
归乡,这样,1
一幕,这样,1
为了,陪衬,1
为了,小说,1
为了,第三部,1
为了,小宋,1
为了,小梁,1
为了,以及,1
三个,为了,1
为了,孩子,1
为了,归乡,1
一幕,为了,1
小说,陪衬,1
第三部,陪衬,1
小宋,陪衬,1
小梁,陪衬,1
以及,陪衬,1
三个,陪衬,1
孩子,陪衬,1
归乡,陪衬,1
一幕,陪衬,1
小宋,小说,1
小梁,小说,1
以及,小说,1
三个,小说,1
孩子,小说,1
小说,归乡,1
一幕,小说,1
小宋,第三部,1
小梁,第三部,1
以及,第三部,1
三个,第三部,1
孩子,第三部,1
归乡,第三部,1
一幕,第三部,1
小宋,小梁,1
以及,小宋,1
三个,小宋,1
孩子,小宋,1
小宋,归乡,1
一幕,小宋,1
以及,小梁,1
三个,小梁,1
孩子,小梁,1
小梁,归乡,1
一幕,小梁,1
三个,以及,1
以及,孩子,1
以及,归乡,1
一幕,以及,1
三个,孩子,1
三个,归乡,1
一幕,三个,1
孩子,归乡,1
一幕,孩子,1
一幕,归乡,1
东海,有个,1
一辈子,东海,1
东海,地方,1
东海,无缘,1
有个,金州,1
可能,金州,1
一辈子,金州,1
地方,金州,1
无缘,金州,1
可能,有个,1
一辈子,有个,1
地方,有个,1
无缘,有个,1
一辈子,可能,1
可能,地方,1
可能,无缘,1
一辈子,地方,1
一辈子,无缘,1
地方,无缘,1
如果,应该,1
多点,如果,1
如果,高质量,1
如果,电视剧,1
如果,拍个,1
五年,如果,1
多点,应该,1
应该,高质量,1
应该,电视剧,1
应该,拍个,1
五年,应该,1
多点,高质量,1
多点,电视剧,1
多点,拍个,1
五年,多点,1
电视剧,高质量,1
拍个,高质量,1
五年,高质量,1
拍个,电视剧,1
五年,电视剧,1
五年,拍个,1
两人,什么,1
什么,就是,1
什么,擦亮眼睛,1
两人,国家,1
国家,就是,1
一起,国家,1
国家,擦亮眼睛,1
两人,就是,1
一起,两人,1
两人,擦亮眼睛,1
一起,就是,1
就是,擦亮眼睛,1
一起,擦亮眼睛,1
小辉,胸怀,1
天下,小辉,1
小辉,百姓,1
小辉,苍生,1
小辉,角度,1
小辉,说服,1
小辉,思申,1
小辉,自己,1
天下,胸怀,1
百姓,胸怀,1
胸怀,苍生,1
胸怀,角度,1
胸怀,说服,1
思申,胸怀,1
胸怀,自己,1
天下,百姓,1
天下,苍生,1
天下,角度,1
天下,说服,1
天下,思申,1
天下,自己,1
百姓,苍生,1
百姓,角度,1
百姓,说服,1
思申,百姓,1
百姓,自己,1
苍生,角度,1
苍生,说服,1
思申,苍生,1
自己,苍生,1
角度,说服,1
思申,角度,1
自己,角度,1
思申,说服,1
自己,说服,1
思申,自己,1
导演,潜台词,1
中国,导演,1
导演,速度,1
十三,导演,1
导演,规划,1
全面,导演,1
导演,小康,1
中国,潜台词,1
潜台词,速度,1
十三,潜台词,1
潜台词,规划,1
全面,潜台词,1
小康,潜台词,1
中国,十三,1
中国,规划,1
中国,全面,1
中国,小康,1
十三,速度,1
规划,速度,1
全面,速度,1
小康,速度,1
十三,规划,1
全面,十三,1
十三,小康,1
全面,规划,1
小康,规划,1
全面,小康,1
二战,德国,1
人才,德国,1
德国,设备,1
德国,掠夺,1
一空,德国,1
废墟,德国,1
德国,现今,1
如何,德国,1
二战,人才,1
二战,设备,1
二战,掠夺,1
一空,二战,1
二战,废墟,1
二战,现今,1
二战,如何,1
人才,设备,1
人才,掠夺,1
一空,人才,1
人才,废墟,1
人才,现今,1
人才,如何,1
掠夺,设备,1
一空,设备,1
废墟,设备,1
现今,设备,1
如何,设备,1
一空,掠夺,1
废墟,掠夺,1
掠夺,现今,1
如何,掠夺,1
一空,废墟,1
一空,现今,1
一空,如何,1
废墟,现今,1
如何,废墟,1
如何,现今,1
现在,老家,1
不是,老家,1
家有,老家,1
老家,自来水,1
全村,老家,1
四五个,老家,1
公用,老家,1
家有,现在,1
全村,现在,1
四五个,现在,1
公用,现在,1
不是,家有,1
不是,自来水,1
不是,全村,1
不是,四五个,1
不是,公用,1
家有,自来水,1
全村,家有,1
四五个,家有,1
公用,家有,1
全村,自来水,1
四五个,自来水,1
公用,自来水,1
全村,四五个,1
全村,公用,1
公用,四五个,1
伟大,我们,1
伟大,国家,1
伟大,几十年,1
伟大,西方,1
伟大,几百年,1
城市,虽然,1
虽然,长大,1
知道,虽然,1
虽然,还有,1
很多,虽然,1
地方,虽然,1
发展,虽然,1
城市,长大,1
城市,知道,1
中国,城市,1
城市,还有,1
城市,很多,1
发展,城市,1
知道,长大,1
中国,长大,1
还有,长大,1
很多,长大,1
地方,长大,1
发展,长大,1
很多,知道,1
中国,很多,1
中国,地方,1
很多,还有,1
地方,还有,1
发展,还有,1
地方,很多,1
发展,很多,1
发展,地方,1
为什么,但是,1
但是,怀念,1
以前,但是,1
但是,那种,1
但是,手机游戏,1
但是,日子,1
为什么,怀念,1
为什么,以前,1
为什么,那种,1
为什么,手机游戏,1
为什么,日子,1
以前,怀念,1
怀念,那种,1
怀念,没有,1
怀念,手机游戏,1
怀念,日子,1
以前,那种,1
以前,没有,1
以前,手机游戏,1
以前,日子,1
没有,那种,1
手机游戏,那种,1
日子,那种,1
手机游戏,没有,1
日子,没有,1
手机游戏,日子,1
了解,但据,1
但据,现实,1
但据,理性,1
但据,幸福,1
但据,日子,1
但据,过得,1
了解,现实,1
了解,理性,1
了解,幸福,1
了解,日子,1
了解,过得,1
现实,理性,1
幸福,现实,1
日子,现实,1
现实,过得,1
幸福,理性,1
日子,理性,1
理性,过得,1
幸福,日子,1
幸福,过得,1
日子,过得,1
最后,留个,1
大江大河,最后,1
喜欢,最后,1
之一,最后,1
一集,留个,1
一集,大江大河,1
一集,喜欢,1
一集,之一,1
大江大河,留个,1
喜欢,留个,1
之一,留个,1
之一,大江大河,1
之一,喜欢,1
合适,宋和梁,1
宋和梁,至少,1
宋和梁,梁思申,1
宋和梁,理解,1
宋和梁,开颜,1
宋和梁,那种,1
宋和梁,脾气,1
宋和梁,根本,1
不行,宋和梁,1
合适,至少,1
合适,梁思申,1
合适,理解,1
合适,开颜,1
合适,那种,1
合适,脾气,1
合适,根本,1
不行,合适,1
梁思申,至少,1
理解,至少,1
开颜,至少,1
至少,那种,1
脾气,至少,1
根本,至少,1
不行,至少,1
梁思申,理解,1
开颜,梁思申,1
梁思申,那种,1
梁思申,脾气,1
根本,梁思申,1
不行,梁思申,1
开颜,理解,1
理解,那种,1
理解,脾气,1
根本,理解,1
不行,理解,1
开颜,那种,1
开颜,脾气,1
开颜,根本,1
不行,开颜,1
脾气,那种,1
根本,那种,1
不行,那种,1
根本,脾气,1
不行,脾气,1
不行,根本,1
用淡,语气,1
动人心魄,用淡,1
王凯,用淡,1
演技,用淡,1
台词,用淡,1
太好了,用淡,1
动人心魄,语气,1
王凯,语气,1
演技,语气,1
台词,语气,1
太好了,语气,1
动人心魄,王凯,1
动人心魄,演技,1
动人心魄,台词,1
动人心魄,太好了,1
演技,王凯,1
台词,王凯,1
太好了,王凯,1
台词,演技,1
太好了,演技,1
台词,太好了,1
农村,广州,1
农村,落脚,1
一家老小,农村,1
农村,这里,1
五年,农村,1
广州,落脚,1
一家老小,广州,1
广州,这里,1
五年,广州,1
一家老小,落脚,1
落脚,这里,1
五年,落脚,1
一家老小,这里,1
一家老小,五年,1
五年,这里,1
三条,主旋律,1
主旋律,成长,1
主旋律,代表,1
主旋律,锐变,1
主旋律,感谢,1
三条,成长,1
三条,锐变,1
三条,感谢,1
代表,成长,1
成长,锐变,1
感谢,成长,1
代表,锐变,1
代表,感谢,1
年代,确实,1
年代,记得,1
年代,我家,1
小学,年代,1
年代,年级,1
家里,年代,1
年代,通电话,1
确实,记得,1
我家,确实,1
小学,确实,1
年级,确实,1
家里,确实,1
确实,通电话,1
我家,记得,1
小学,记得,1
年级,记得,1
家里,记得,1
记得,通电话,1
小学,我家,1
年级,我家,1
家里,我家,1
我家,通电话,1
小学,年级,1
家里,小学,1
小学,通电话,1
家里,年级,1
年级,通电话,1
家里,通电话,1
放心,明天,1
放心,还有,1
好剧,放心,1
放心,正午,1
放心,阳光,1
出品,放心,1
山海,放心,1
明天,还有,1
好剧,明天,1
明天,正午,1
明天,阳光,1
出品,明天,1
山海,明天,1
好剧,还有,1
正午,还有,1
还有,阳光,1
出品,还有,1
山海,还有,1
好剧,正午,1
好剧,阳光,1
出品,好剧,1
好剧,山海,1
举报信,那封,1
老丈人,那封,1
自编,那封,1
自导,那封,1
上报,那封,1
够不着,那封,1
弄死,那封,1
举报信,老丈人,1
举报信,自编,1
举报信,自导,1
上报,举报信,1
举报信,够不着,1
举报信,弄死,1
老丈人,自编,1
老丈人,自导,1
上报,老丈人,1
够不着,老丈人,1
弄死,老丈人,1
自导,自编,1
上报,自编,1
够不着,自编,1
弄死,自编,1
上报,自导,1
够不着,自导,1
弄死,自导,1
上报,够不着,1
上报,弄死,1
够不着,弄死,1
几十年,过去,1
几十年,落后,1
几十年,面貌,1
几十年,大部分,1
几十年,消弭,1
几十年,历史,1
几十年,洪波,1
落后,过去,1
过去,面貌,1
大部分,过去,1
消弭,过去,1
历史,过去,1
洪波,过去,1
落后,面貌,1
消弭,落后,1
历史,落后,1
洪波,落后,1
大部分,面貌,1
消弭,面貌,1
历史,面貌,1
洪波,面貌,1
大部分,消弭,1
历史,大部分,1
大部分,洪波,1
历史,消弭,1
洪波,消弭,1
历史,洪波,1
宋运辉,赶紧,1
买房,宋运辉,1
地皮,宋运辉,1
几年,宋运辉,1
发现,宋运辉,1
创业,宋运辉,1
买房,赶紧,1
地皮,赶紧,1
几年,赶紧,1
发现,赶紧,1
创业,赶紧,1
买房,地皮,1
买房,几年,1
买房,发现,1
买房,创业,1
几年,地皮,1
发现,地皮,1
创业,地皮,1
几年,发现,1
几年,创业,1
创业,发现,1
不错,浙江,1
不过,浙江,1
我村,浙江,1
水泥路,浙江,1
浙江,铺设,1
不错,已经,1
不过,已经,1
已经,我村,1
已经,水泥路,1
已经,铺设,1
不过,不错,1
不错,我村,1
不错,水泥路,1
不错,铺设,1
不过,我村,1
不过,水泥路,1
不过,铺设,1
我村,水泥路,1
我村,铺设,1
水泥路,铺设,1
我们,那儿,1
去年,我们,1
天然气,我们,1
两年,那儿,1
自来水,那儿,1
去年,那儿,1
天然气,那儿,1
两年,自来水,1
两年,去年,1
两年,天然气,1
去年,自来水,1
去年,天然气,1
希望,年轻人,1
希望,真的,1
希望,自强不息,1
希望,面对,1
任何,希望,1
希望,问题,1
全力以赴,希望,1
年轻人,真的,1
年轻人,自强不息,1
年轻人,面对,1
任何,年轻人,1
全力以赴,年轻人,1
真的,自强不息,1
真的,面对,1
任何,真的,1
真的,问题,1
全力以赴,真的,1
自强不息,面对,1
任何,自强不息,1
自强不息,问题,1
全力以赴,自强不息,1
任何,面对,1
问题,面对,1
全力以赴,面对,1
任何,问题,1
任何,全力以赴,1
全力以赴,问题,1
应该,第三季,1
应该,这样,1
应该,最好,1
应该,开头,1
不会,第三季,1
不会,这样,1
不会,最好,1
不会,开头,1
第三季,这样,1
最好,第三季,1
开头,第三季,1
最好,这样,1
开头,这样,1
接受,认为,1
认为,高等教育,1
目的,认为,1
帮助,认为,1
我们,认为,1
家乡,认为,1
摆脱,认为,1
接受,高等教育,1
接受,目的,1
帮助,接受,1
我们,接受,1
家乡,接受,1
接受,摆脱,1
目的,高等教育,1
帮助,高等教育,1
我们,高等教育,1
家乡,高等教育,1
摆脱,高等教育,1
帮助,目的,1
我们,目的,1
家乡,目的,1
摆脱,目的,1
帮助,我们,1
家乡,帮助,1
帮助,摆脱,1
家乡,我们,1
我们,摆脱,1
家乡,摆脱,1
几年,我们,1
公路,几年,1
几年,夜路,1
几年,火把,1
我们,村里,1
公路,我们,1
夜路,我们,1
我们,火把,1
公路,村里,1
夜路,村里,1
村里,火把,1
公路,夜路,1
公路,火把,1
夜路,火把,1
孩子,穷人,1
就算,穷人,1
出人头地,穷人,1
穷人,背后,1
照样,穷人,1
商人,穷人,1
孩子,就算,1
出人头地,孩子,1
孩子,背后,1
孩子,照样,1
商人,孩子,1
出人头地,就算,1
就算,背后,1
就算,照样,1
商人,就算,1
出人头地,背后,1
出人头地,照样,1
出人头地,商人,1
照样,背后,1
商人,背后,1
商人,照样,1
相当于,金州,1
杭州,金州,1
宁波,金州,1
深水港,金州,1
老家,金州,1
丽水,金州,1
杭州,相当于,1
东海,相当于,1
宁波,相当于,1
深水港,相当于,1
相当于,老家,1
丽水,相当于,1
东海,杭州,1
宁波,杭州,1
杭州,深水港,1
杭州,老家,1
丽水,杭州,1
东海,深水港,1
东海,老家,1
东海,丽水,1
宁波,深水港,1
宁波,老家,1
丽水,宁波,1
深水港,老家,1
丽水,深水港,1
丽水,老家,1
第二个,这小杨,1
市场,这小杨,1
起来,这小杨,1
回头,这小杨,1
为啥,这小杨,1
不帮,这小杨,1
母亲,这小杨,1
市场,第二个,1
第二个,起来,1
回头,第二个,1
为啥,第二个,1
不帮,第二个,1
母亲,第二个,1
市场,起来,1
回头,市场,1
为啥,市场,1
不帮,市场,1
市场,母亲,1
回头,起来,1
为啥,起来,1
不帮,起来,1
母亲,起来,1
为啥,回头,1
不帮,回头,1
回头,母亲,1
不帮,为啥,1
为啥,母亲,1
不帮,母亲,1
老实,这个,1
年代,老实,1
应该,老实,1
俄罗斯,老实,1
方块,老实,1
老实,那种,1
手游机,老实,1
应该,这个,1
俄罗斯,这个,1
方块,这个,1
这个,那种,1
手游机,这个,1
年代,应该,1
俄罗斯,年代,1
年代,方块,1
年代,那种,1
年代,手游机,1
俄罗斯,应该,1
应该,方块,1
应该,那种,1
应该,手游机,1
俄罗斯,方块,1
俄罗斯,那种,1
俄罗斯,手游机,1
方块,那种,1
手游机,方块,1
手游机,那种,1
看雷,第一部,1
事业,第一部,1
主题,第一部,1
升华,第一部,1
挺不错,第一部,1
事业,看雷,1
宋运辉,看雷,1
主题,看雷,1
升华,看雷,1
挺不错,看雷,1
东宝,事业,1
东宝,主题,1
东宝,升华,1
东宝,挺不错,1
事业,宋运辉,1
主题,事业,1
事业,升华,1
事业,挺不错,1
主题,宋运辉,1
升华,宋运辉,1
宋运辉,挺不错,1
主题,升华,1
主题,挺不错,1
升华,挺不错,1
原来,希望,1
原来,现在,1
原来,对于,1
农村,原来,1
原来,孩子,1
原来,来说,1
原来,基本,1
原来,奢望,1
希望,现在,1
对于,希望,1
农村,希望,1
孩子,希望,1
希望,来说,1
奢望,希望,1
对于,现在,1
孩子,现在,1
来说,现在,1
基本,现在,1
奢望,现在,1
农村,对于,1
孩子,对于,1
对于,来说,1
基本,对于,1
奢望,对于,1
农村,孩子,1
农村,来说,1
农村,基本,1
农村,奢望,1
孩子,来说,1
基本,孩子,1
奢望,孩子,1
基本,来说,1
奢望,来说,1
基本,奢望,1
宋运辉,致敬,1
巡雷,致敬,1
东宝,致敬,1
一些,致敬,1
理解,致敬,1
任然,致敬,1
致敬,艰苦奋斗,1
一些,宋运辉,1
宋运辉,理解,1
任然,宋运辉,1
宋运辉,艰苦奋斗,1
一些,巡雷,1
巡雷,理解,1
任然,巡雷,1
巡雷,艰苦奋斗,1
东宝,理解,1
东宝,任然,1
东宝,艰苦奋斗,1
一些,理解,1
一些,任然,1
一些,艰苦奋斗,1
任然,理解,1
理解,艰苦奋斗,1
任然,艰苦奋斗,1
宋运辉,成为,1
宋运辉,现化,1
宋运辉,强国,1
国家,成为,1
国家,现化,1
国家,强国,1
成为,现化,1
强国,成为,1
强国,现化,1
必上,第三部,1
千万,第三部,1
第三部,资产,1
实现,第三部,1
第三部,财务,1
第三部,自由,1
立此,第三部,1
为证,第三部,1
必上,时候,1
千万,时候,1
时候,资产,1
实现,时候,1
时候,财务,1
时候,自由,1
时候,立此,1
为证,时候,1
千万,必上,1
必上,资产,1
实现,必上,1
必上,财务,1
必上,自由,1
必上,立此,1
为证,必上,1
千万,资产,1
千万,实现,1
千万,财务,1
千万,自由,1
千万,立此,1
为证,千万,1
实现,资产,1
财务,资产,1
自由,资产,1
立此,资产,1
为证,资产,1
实现,财务,1
实现,自由,1
实现,立此,1
为证,实现,1
自由,财务,1
立此,财务,1
为证,财务,1
立此,自由,1
为证,自由,1
为证,立此,1
无数,正是,1
宋运辉,正是,1
正是,这样,1
我们,正是,1
国家,正是,1
发展,正是,1
如此,正是,1
正是,迅速,1
宋运辉,无数,1
无数,这样,1
我们,无数,1
国家,无数,1
发展,无数,1
如此,无数,1
无数,迅速,1
如此,宋运辉,1
宋运辉,迅速,1
国家,这样,1
如此,这样,1
迅速,这样,1
如此,我们,1
我们,迅速,1
国家,如此,1
国家,迅速,1
发展,如此,1
发展,迅速,1
如此,迅速,1
宋欠程,开颜,1
宋欠程,很多,1
宋欠程,工作狂,1
宋欠程,自己,1
宋欠程,老婆,1
孩子,宋欠程,1
开颜,很多,1
工作狂,开颜,1
开颜,自己,1
开颜,老婆,1
工作狂,很多,1
很多,自己,1
很多,老婆,1
孩子,很多,1
工作狂,自己,1
工作狂,老婆,1
孩子,工作狂,1
老婆,自己,1
孩子,自己,1
上海,可惜,1
可惜,繁荣,1
可惜,我们,1
可惜,还是,1
可惜,背井离乡,1
可惜,留守,1
儿童,可惜,1
上海,繁荣,1
上海,我们,1
上海,还是,1
上海,背井离乡,1
上海,留守,1
上海,儿童,1
我们,繁荣,1
繁荣,还是,1
繁荣,背井离乡,1
留守,繁荣,1
儿童,繁荣,1
我们,背井离乡,1
我们,留守,1
儿童,我们,1
背井离乡,还是,1
留守,还是,1
儿童,还是,1
留守,背井离乡,1
儿童,背井离乡,1
儿童,留守,1
变化,改革开放,1
世界,改革开放,1
任何,改革开放,1
一个,改革开放,1
国家,改革开放,1
不了,改革开放,1
中国,变化,1
世界,中国,1
中国,任何,1
中国,国家,1
世界,变化,1
任何,变化,1
一个,变化,1
变化,国家,1
不了,变化,1
世界,任何,1
不了,世界,1
一个,任何,1
任何,国家,1
不了,任何,1
一个,不了,1
不了,国家,1
一个,正气,1
一个,并且,1
一个,为此,1
一个,坚持,1
一个,非常,1
一个,迷人,1
正气,理想,1
并且,理想,1
为此,理想,1
坚持,理想,1
理想,男人,1
理想,非常,1
理想,迷人,1
并且,正气,1
为此,正气,1
坚持,正气,1
付出,正气,1
正气,男人,1
正气,非常,1
正气,迷人,1
为此,并且,1
坚持,并且,1
付出,并且,1
并且,男人,1
并且,非常,1
并且,迷人,1
为此,坚持,1
为此,付出,1
为此,男人,1
为此,非常,1
为此,迷人,1
付出,坚持,1
坚持,男人,1
坚持,非常,1
坚持,迷人,1
付出,男人,1
付出,非常,1
付出,迷人,1
男人,非常,1
男人,迷人,1
迷人,非常,1
各位,放心,1
各位,已经,1
世界,各位,1
发达,各位,1
放心,现在,1
已经,放心,1
世界,放心,1
发达,放心,1
如果,没有,1
如果,杨巡,1
如果,母亲,1
如果,生病,1
如果,还有,1
如果,机会,1
农村,如果,1
如果,解释,1
如果,这些,1
杨巡,没有,1
母亲,没有,1
没有,生病,1
没有,还有,1
机会,没有,1
没有,解释,1
没有,这些,1
杨巡,母亲,1
杨巡,生病,1
机会,杨巡,1
农村,杨巡,1
杨巡,解释,1
杨巡,这些,1
母亲,生病,1
母亲,还有,1
机会,母亲,1
农村,母亲,1
母亲,解释,1
母亲,这些,1
生病,还有,1
机会,生病,1
农村,生病,1
生病,解释,1
生病,这些,1
机会,还有,1
农村,还有,1
解释,还有,1
还有,这些,1
农村,机会,1
机会,解释,1
机会,这些,1
农村,解释,1
农村,这些,1
解释,这些,1
地方,还是,1
北方,地方,1
地方,大部分,1
北方,还是,1
大部分,还是,1
城市,还是,1
北方,大部分,1
北方,城市,1
城市,大部分,1
创建,家庭,1
创建,国家,1
创建,民族,1
国家,家庭,1
家庭,民族,1
国家,民族,1
变成,确实,1
上海,确实,1
咋样,确实,1
不如,确实,1
以前,确实,1
上海,变成,1
变成,咋样,1
不如,变成,1
以前,变成,1
上海,咋样,1
上海,不如,1
上海,以前,1
不如,咋样,1
以前,咋样,1
不如,以前,1
中有个,现实生活,1
梁思申,现实生活,1
存在,现实生活,1
影响,现实生活,1
婚姻,现实生活,1
中有个,梁思申,1
中有个,这样,1
中有个,存在,1
中有个,影响,1
中有个,婚姻,1
梁思申,这样,1
存在,梁思申,1
影响,梁思申,1
婚姻,梁思申,1
存在,这样,1
影响,这样,1
婚姻,这样,1
婚姻,存在,1
婚姻,影响,1
不是,虽然,1
最强,虽然,1
但是,虽然,1
虽然,速度,1
最快,虽然,1
应该,虽然,1
虽然,记住,1
缔造者,虽然,1
一个,虽然,1
建设者,虽然,1
不是,最强,1
不是,但是,1
不是,速度,1
不是,最快,1
不是,应该,1
不是,记住,1
不是,缔造者,1
一个,不是,1
不是,建设者,1
但是,最强,1
最强,速度,1
最强,最快,1
应该,最强,1
最强,记住,1
最强,缔造者,1
一个,最强,1
建设者,最强,1
但是,速度,1
但是,最快,1
但是,应该,1
但是,记住,1
但是,缔造者,1
一个,但是,1
但是,建设者,1
最快,速度,1
应该,速度,1
记住,速度,1
缔造者,速度,1
一个,速度,1
建设者,速度,1
应该,最快,1
最快,记住,1
最快,缔造者,1
一个,最快,1
建设者,最快,1
应该,记住,1
应该,缔造者,1
应该,建设者,1
缔造者,记住,1
一个,记住,1
建设者,记住,1
一个,缔造者,1
建设者,缔造者,1
一个,建设者,1
初中,别说,1
别说,我家,1
别说,所在,1
乡镇,别说,1
别说,没有,1
一条,别说,1
别说,沥青路,1
初中,我家,1
初中,所在,1
乡镇,初中,1
初中,没有,1
一条,初中,1
初中,沥青路,1
我家,所在,1
乡镇,我家,1
我家,没有,1
一条,我家,1
我家,沥青路,1
乡镇,所在,1
所在,没有,1
一条,所在,1
所在,沥青路,1
一条,乡镇,1
乡镇,沥青路,1
一条,没有,1
没有,沥青路,1
一条,沥青路,1
不少,宋运辉,1
宋运辉,所以,1
几十年,宋运辉,1
几百年,宋运辉,1
不少,这样,1
所以,这样,1
我国,这样,1
几十年,这样,1
几百年,这样,1
不少,所以,1
不少,我国,1
不少,几十年,1
不少,几百年,1
我国,所以,1
几十年,所以,1
几百年,所以,1
几十年,我国,1
几百年,我国,1
中华儿女,就是,1
就是,心系,1
中华,就是,1
就是,报效祖国,1
就是,祝愿,1
就是,祖国,1
就是,繁荣昌盛,1
中华儿女,心系,1
中华,中华儿女,1
中华儿女,报效祖国,1
中华儿女,祝愿,1
中华儿女,祖国,1
中华儿女,繁荣昌盛,1
中华,心系,1
心系,报效祖国,1
心系,祝愿,1
心系,祖国,1
心系,繁荣昌盛,1
中华,报效祖国,1
中华,祝愿,1
中华,祖国,1
中华,繁荣昌盛,1
报效祖国,祝愿,1
报效祖国,祖国,1
报效祖国,繁荣昌盛,1
祖国,祝愿,1
祝愿,繁荣昌盛,1
家国,情怀,1
但是,家国,1
家国,能力,1
家国,没小辉,1
家国,那么,1
做好,家国,1
家国,自己,1
但是,情怀,1
情怀,能力,1
情怀,没小辉,1
情怀,那么,1
做好,情怀,1
情怀,自己,1
但是,能力,1
但是,没小辉,1
但是,那么,1
但是,做好,1
但是,自己,1
没小辉,能力,1
能力,那么,1
做好,能力,1
能力,自己,1
没小辉,那么,1
做好,没小辉,1
没小辉,自己,1
做好,那么,1
自己,那么,1
做好,自己,1
即便,觉得,1
合资,觉得,1
成功,觉得,1
没有,觉得,1
觉得,领导,1
即便,合资,1
即便,成功,1
即便,没有,1
即便,领导,1
合资,领导,1
成功,领导,1
为了,宋运辉,1
人家,宋运辉,1
宋运辉,职业生涯,1
宋运辉,绑定,1
东海,为了,1
为了,人家,1
为了,梁思申,1
为了,职业生涯,1
为了,绑定,1
东海,人家,1
东海,梁思申,1
东海,职业生涯,1
东海,绑定,1
人家,梁思申,1
人家,职业生涯,1
人家,绑定,1
梁思申,职业生涯,1
梁思申,绑定,1
绑定,职业生涯,1
一个,农村,1
一个,时候,1
一个,平了,1
农村,时候,1
农村,平了,1
什么,平了,1
平了,时候,1
现在,离着,1
太近,现在,1
听不进,现在,1
心里,现在,1
想着,现在,1
主动,现在,1
太近,离着,1
听不进,离着,1
心里,离着,1
想着,离着,1
主动,离着,1
听不进,太近,1
太近,心里,1
太近,想着,1
主动,太近,1
听不进,心里,1
听不进,想着,1
主动,听不进,1
心里,想着,1
主动,心里,1
主动,想着,1
梁能,理解,1
抱负,梁能,1
梁能,理想,1
可是,梁能,1
梁能,那样,1
家庭,梁能,1
不会,梁能,1
抱负,理解,1
理想,理解,1
可是,理解,1
理解,那样,1
家庭,理解,1
不会,理解,1
抱负,理想,1
可是,抱负,1
抱负,那样,1
家庭,抱负,1
不会,抱负,1
可是,理想,1
理想,那样,1
家庭,理想,1
不会,理想,1
可是,那样,1
可是,家庭,1
不会,可是,1
家庭,那样,1
不会,那样,1
不会,家庭,1
想过,有没有,1
为什么,有没有,1
上面,有没有,1
有没有,领导,1
有没有,理解,1
他们,有没有,1
有没有,错误,1
底层,有没有,1
人民,有没有,1
买单,有没有,1
为什么,想过,1
上面,想过,1
想过,领导,1
想过,理解,1
他们,想过,1
想过,错误,1
底层,想过,1
人民,想过,1
买单,想过,1
上面,为什么,1
为什么,理解,1
为什么,他们,1
为什么,错误,1
为什么,底层,1
为什么,人民,1
为什么,买单,1
上面,领导,1
上面,理解,1
上面,他们,1
上面,错误,1
上面,底层,1
上面,人民,1
上面,买单,1
理解,领导,1
他们,领导,1
错误,领导,1
底层,领导,1
人民,领导,1
买单,领导,1
他们,理解,1
理解,错误,1
底层,理解,1
人民,理解,1
买单,理解,1
他们,错误,1
他们,底层,1
人民,他们,1
买单,他们,1
底层,错误,1
人民,错误,1
买单,错误,1
人民,底层,1
买单,底层,1
买单,人民,1
一部分,先富起来,1
一部分,厉害,1
一部分,白眼,1
先富起来,厉害,1
先富起来,白眼,1
厉害,白眼,1
太气,看得,1
合资,看得,1
成功,看得,1
必须,看得,1
建立,看得,1
小人得志,看得,1
基础,看得,1
合资,太气,1
太气,成功,1
太气,必须,1
太气,建立,1
太气,小人得志,1
基础,太气,1
合资,必须,1
合资,建立,1
合资,小人得志,1
合资,基础,1
必须,成功,1
建立,成功,1
小人得志,成功,1
基础,成功,1
建立,必须,1
小人得志,必须,1
基础,必须,1
小人得志,建立,1
基础,建立,1
基础,小人得志,1
人家,当年,1
先进,当年,1
当年,技术,1
当年,确实,1
付出,当年,1
当年,很多,1
当年,比如,1
当年,朱总理,1
人家,先进,1
人家,技术,1
人家,确实,1
人家,付出,1
人家,很多,1
人家,比如,1
人家,朱总理,1
先进,技术,1
先进,确实,1
付出,先进,1
先进,很多,1
先进,比如,1
先进,朱总理,1
技术,确实,1
付出,技术,1
很多,技术,1
技术,比如,1
技术,朱总理,1
付出,确实,1
很多,确实,1
比如,确实,1
朱总理,确实,1
付出,比如,1
付出,朱总理,1
很多,比如,1
很多,朱总理,1
朱总理,比如,1
不要,道理,1
不要,知道,1
不要,姓程,1
不要,冤枉,1
不要,诽谤,1
知道,道理,1
姓程,道理,1
冤枉,道理,1
诽谤,道理,1
姓程,知道,1
冤枉,知道,1
知道,诽谤,1
冤枉,姓程,1
姓程,诽谤,1
冤枉,诽谤,1
不要,自己,1
不到,不要,1
不要,这种,1
不要,程度,1
不要,存在,1
不到,自己,1
自己,这种,1
程度,自己,1
存在,自己,1
不到,这种,1
不到,程度,1
不到,存在,1
程度,这种,1
存在,这种,1
存在,程度,1
现在,这种,1
人少,现在,1
尤其,现在,1
名牌大学,现在,1
毕业,现在,1
建设,现在,1
国外,现在,1
人少,这种,1
尤其,这种,1
名牌大学,这种,1
毕业,这种,1
建设,这种,1
国外,这种,1
人少,尤其,1
人少,名牌大学,1
人少,毕业,1
人少,建设,1
人少,国外,1
名牌大学,尤其,1
尤其,毕业,1
尤其,建设,1
国外,尤其,1
名牌大学,毕业,1
名牌大学,建设,1
名牌大学,国外,1
建设,毕业,1
国外,毕业,1
国外,建设,1
灵魂,精神,1
契合,精神,1
精神,适合,1
一起,精神,1
祖国,精神,1
建设,精神,1
添砖加瓦,精神,1
契合,灵魂,1
灵魂,适合,1
一起,灵魂,1
灵魂,祖国,1
建设,灵魂,1
添砖加瓦,灵魂,1
契合,适合,1
一起,契合,1
契合,祖国,1
契合,建设,1
契合,添砖加瓦,1
一起,适合,1
祖国,适合,1
建设,适合,1
添砖加瓦,适合,1
一起,祖国,1
一起,建设,1
一起,添砖加瓦,1
建设,祖国,1
添砖加瓦,祖国,1
建设,添砖加瓦,1
享受,那些,1
国家,那些,1
教育资源,那些,1
出国,那些,1
留学,那些,1
回来,那些,1
应该,那些,1
这剧,那些,1
享受,国家,1
享受,教育资源,1
享受,出国,1
享受,留学,1
享受,回来,1
享受,应该,1
享受,这剧,1
国家,教育资源,1
出国,国家,1
国家,留学,1
回来,国家,1
国家,应该,1
国家,这剧,1
出国,教育资源,1
教育资源,留学,1
回来,教育资源,1
应该,教育资源,1
教育资源,这剧,1
出国,留学,1
出国,回来,1
出国,应该,1
出国,这剧,1
回来,留学,1
应该,留学,1
留学,这剧,1
回来,应该,1
回来,这剧,1
应该,这剧,1
各国,总是,1
但是,总是,1
你们,总是,1
总是,知道,1
中国,总是,1
总是,改革开放,1
多大码,总是,1
但是,各国,1
你们,各国,1
各国,知道,1
中国,各国,1
各国,改革开放,1
各国,多大码,1
但是,你们,1
但是,知道,1
但是,改革开放,1
但是,多大码,1
中国,你们,1
你们,改革开放,1
你们,多大码,1
改革开放,知道,1
多大码,知道,1
中国,多大码,1
多大码,改革开放,1
合资,需要,1
合资,这样,1
合资,领导者,1
合资,否则,1
合资,知道,1
需要,领导者,1
否则,需要,1
知道,需要,1
这样,领导者,1
否则,这样,1
否则,领导者,1
知道,领导者,1
否则,知道,1
美国,要是,1
此情此景,要是,1
一下,要是,1
名字,要是,1
要是,过来,1
此情此景,美国,1
一下,美国,1
名字,美国,1
美国,过来,1
一下,此情此景,1
名字,此情此景,1
此情此景,过来,1
一下,名字,1
一下,过来,1
名字,过来,1
太多为,完美,1
完美,祖国,1
完美,强大,1
奉献,完美,1
一生,完美,1
完美,无名,1
伟人,完美,1
太多为,祖国,1
太多为,强大,1
太多为,奉献,1
一生,太多为,1
太多为,无名,1
伟人,太多为,1
强大,祖国,1
奉献,祖国,1
一生,祖国,1
无名,祖国,1
伟人,祖国,1
奉献,强大,1
一生,强大,1
强大,无名,1
伟人,强大,1
一生,奉献,1
奉献,无名,1
伟人,奉献,1
一生,无名,1
一生,伟人,1
伟人,无名,1
可能,美籍华人,1
可能,哪个,1
可能,高官,1
可能,子女,1
可以,可能,1
加入,可能,1
可能,国籍,1
哪个,美籍华人,1
美籍华人,高官,1
子女,美籍华人,1
可以,美籍华人,1
加入,美籍华人,1
国籍,美籍华人,1
哪个,高官,1
哪个,子女,1
可以,哪个,1
加入,哪个,1
哪个,国籍,1
子女,高官,1
可以,高官,1
加入,高官,1
国籍,高官,1
可以,子女,1
加入,子女,1
国籍,子女,1
加入,可以,1
可以,国籍,1
加入,国籍,1
女人,最好,1
女人,青春,1
女人,生儿育女,1
最好,青春,1
最好,生儿育女,1
生儿育女,青春,1
放到,现在,1
半天,放到,1
放到,西安,1
放到,那个,1
放到,放炮,1
放到,进去,1
半天,现在,1
现在,西安,1
现在,那个,1
放炮,现在,1
半天,西安,1
半天,那个,1
半天,放炮,1
半天,进去,1
西安,那个,1
放炮,西安,1
西安,进去,1
放炮,那个,1
放炮,进去,1
怎么,每季,1
宋运辉,怎么,1
怎么,成果,1
怎么,摘桃,1
怎么,被迫,1
怎么,挪窝,1
宋运辉,每季,1
成果,每季,1
摘桃,每季,1
每季,被迫,1
挪窝,每季,1
不是,片酬,1
不是,做到,1
不是,结尾,1
不是,露个面,1
不是,工人,1
做到,片酬,1
片酬,结尾,1
片酬,露个面,1
大江,片酬,1
工人,片酬,1
做到,结尾,1
做到,露个面,1
做到,大江,1
做到,工人,1
结尾,露个面,1
大江,结尾,1
工人,结尾,1
大江,露个面,1
工人,露个面,1
上面,简介,1
出来,简介,1
导演,简介,1
剧组,简介,1
没钱,简介,1
支持,简介,1
下去,简介,1
上面,出来,1
上面,导演,1
上面,剧组,1
上面,没钱,1
上面,支持,1
上面,下去,1
出来,导演,1
出来,剧组,1
出来,没钱,1
出来,支持,1
下去,出来,1
剧组,导演,1
导演,没钱,1
导演,支持,1
剧组,没钱,1
剧组,支持,1
下去,剧组,1
支持,没钱,1
下去,没钱,1
下去,支持,1
你们,这边,1
你们,禁止,1
你们,燃放烟花,1
你们,爆竹,1
你们,回去,1
这边,领导,1
禁止,这边,1
燃放烟花,这边,1
爆竹,这边,1
东宝,这边,1
回去,这边,1
禁止,领导,1
燃放烟花,领导,1
爆竹,领导,1
回去,领导,1
燃放烟花,禁止,1
爆竹,禁止,1
东宝,禁止,1
回去,禁止,1
燃放烟花,爆竹,1
东宝,燃放烟花,1
回去,燃放烟花,1
东宝,爆竹,1
回去,爆竹,1
东宝,回去,1
农村,发展,1
农村,合作社,1
农村,经济,1
农村,必定,1
农村,未来,1
农村,私人,1
个体,农村,1
农村,必将,1
农村,消失,1
发展,合作社,1
发展,必定,1
发展,未来,1
发展,私人,1
发展,必将,1
发展,消失,1
合作社,经济,1
合作社,必定,1
合作社,未来,1
合作社,私人,1
个体,合作社,1
合作社,必将,1
合作社,消失,1
必定,经济,1
未来,经济,1
私人,经济,1
个体,经济,1
必将,经济,1
消失,经济,1
必定,未来,1
必定,私人,1
个体,必定,1
必定,必将,1
必定,消失,1
未来,私人,1
个体,未来,1
必将,未来,1
未来,消失,1
个体,私人,1
必将,私人,1
消失,私人,1
个体,必将,1
个体,消失,1
必将,消失,1
寂寞,结局,1
离婚,结局,1
梁宋,结局,1
到底,结局,1
一起,结局,1
寂寞,离婚,1
孩子,寂寞,1
寂寞,梁宋,1
到底,寂寞,1
一起,寂寞,1
孩子,离婚,1
梁宋,离婚,1
到底,离婚,1
一起,离婚,1
孩子,梁宋,1
到底,孩子,1
一起,孩子,1
到底,梁宋,1
一起,梁宋,1
一起,到底,1
东宝,真高,1
东宝,知道,1
东宝,大张旗鼓,1
东宝,明显,1
东宝,黑恶,1
东宝,性质,1
东宝,第二,1
真高,知道,1
真高,这样,1
大张旗鼓,真高,1
明显,真高,1
真高,黑恶,1
性质,真高,1
真高,第二,1
大张旗鼓,知道,1
明显,知道,1
知道,黑恶,1
性质,知道,1
知道,第二,1
大张旗鼓,这样,1
明显,这样,1
这样,黑恶,1
性质,这样,1
第二,这样,1
大张旗鼓,明显,1
大张旗鼓,黑恶,1
大张旗鼓,性质,1
大张旗鼓,第二,1
明显,黑恶,1
性质,明显,1
明显,第二,1
性质,黑恶,1
第二,黑恶,1
性质,第二,1
喜欢,这种,1
喜欢,氛围,1
喜欢,电视剧,1
喜欢,无形中,1
喜欢,教会,1
氛围,这种,1
电视剧,这种,1
无形中,这种,1
教会,这种,1
氛围,电视剧,1
无形中,氛围,1
教会,氛围,1
无形中,电视剧,1
教会,电视剧,1
教会,无形中,1
东宝,喜欢,1
东宝,妳们,1
东宝,虚头,1
东宝,巴脑,1
东宝,干点,1
东宝,实事,1
喜欢,妳们,1
喜欢,虚头,1
喜欢,巴脑,1
喜欢,干点,1
喜欢,实事,1
妳们,虚头,1
妳们,巴脑,1
妳们,干点,1
妳们,实事,1
巴脑,虚头,1
干点,虚头,1
实事,虚头,1
巴脑,干点,1
实事,巴脑,1
实事,干点,1
牌子,颜色,1
政府,牌子,1
牌子,黑色,1
党委,牌子,1
牌子,红色,1
政府,颜色,1
颜色,黑色,1
党委,颜色,1
红色,颜色,1
政府,黑色,1
党委,政府,1
政府,红色,1
党委,黑色,1
红色,黑色,1
党委,红色,1
为什么,这片,1
为什么,爱得,1
眼里,这片,1
爱得,眼里,1
常含,这片,1
常含,爱得,1
泪水,这片,1
泪水,爱得,1
因为,这片,1
因为,爱得,1
土地,这片,1
爱得,这片,1
深沉,这片,1
土地,爱得,1
深沉,爱得,1
为了,出来,1
出来,夺权,1
出来,立威,1
出来,压住,1
出来,政府,1
出来,请官,1
一块,出来,1
出来,回去,1
为了,夺权,1
为了,立威,1
为了,压住,1
为了,村里,1
为了,请官,1
一块,为了,1
为了,回去,1
夺权,立威,1
压住,夺权,1
夺权,村里,1
夺权,政府,1
夺权,请官,1
一块,夺权,1
回去,夺权,1
压住,立威,1
村里,立威,1
政府,立威,1
立威,请官,1
一块,立威,1
回去,立威,1
压住,村里,1
压住,政府,1
压住,请官,1
一块,压住,1
压住,回去,1
政府,村里,1
村里,请官,1
一块,村里,1
回去,村里,1
政府,请官,1
一块,政府,1
一块,请官,1
回去,请官,1
一块,回去,1
为什么,喜欢,1
为什么,根本,1
为什么,这号,1
为什么,大家,1
为什么,想要,1
一个,为什么,1
为什么,为民,1
喜欢,因为,1
喜欢,根本,1
喜欢,没有,1
喜欢,这号,1
喜欢,大家,1
喜欢,想要,1
一个,喜欢,1
为民,喜欢,1
喜欢,领导,1
因为,根本,1
因为,这号,1
因为,大家,1
因为,想要,1
一个,因为,1
为民,因为,1
因为,领导,1
根本,没有,1
根本,这号,1
大家,根本,1
想要,根本,1
一个,根本,1
为民,根本,1
根本,领导,1
没有,这号,1
想要,没有,1
为民,没有,1
大家,这号,1
想要,这号,1
一个,这号,1
为民,这号,1
这号,领导,1
大家,想要,1
一个,大家,1
为民,大家,1
大家,领导,1
一个,想要,1
为民,想要,1
想要,领导,1
一个,为民,1
一个,领导,1
为民,领导,1
回来,开心,1
上海,开心,1
开心,找房,1
四井,开心,1
卖楼,开心,1
上海,东宝,1
东宝,找房,1
东宝,四井,1
东宝,卖楼,1
上海,回来,1
回来,找房,1
四井,回来,1
卖楼,回来,1
上海,找房,1
上海,四井,1
上海,卖楼,1
四井,找房,1
卖楼,找房,1
卖楼,四井,1
三部,希望,1
二本,希望,1
希望,院校,1
喜欢,希望,1
希望,心里,1
希望,观看,1
希望,明天,1
加油,希望,1
三部,二本,1
三部,院校,1
三部,喜欢,1
三部,心里,1
三部,观看,1
三部,明天,1
三部,加油,1
二本,院校,1
二本,喜欢,1
二本,心里,1
二本,观看,1
二本,明天,1
二本,加油,1
喜欢,院校,1
心里,院校,1
观看,院校,1
明天,院校,1
加油,院校,1
喜欢,心里,1
喜欢,观看,1
喜欢,明天,1
心里,观看,1
心里,明天,1
加油,心里,1
明天,观看,1
加油,观看,1
加油,明天,1
大江,演出,1
大江,费太高关,1
大江,局子,1
大江,整级,1
演出,白眼,1
白眼,费太高关,1
局子,白眼,1
整级,白眼,1
演出,费太高关,1
局子,演出,1
整级,演出,1
可以,演出,1
局子,费太高关,1
整级,费太高关,1
可以,费太高关,1
局子,整级,1
可以,局子,1
可以,整级,1
小农经济,第一部,1
第一部,集体经济,1
市场经济,第一部,1
小农经济,第二部,1
小农经济,集体经济,1
小农经济,第三部,1
小农经济,市场经济,1
第二部,集体经济,1
市场经济,第二部,1
第三部,集体经济,1
市场经济,集体经济,1
市场经济,第三部,1
典型,这个,1
大学生,这个,1
瞧不起,这个,1
农村,这个,1
乡长,典型,1
乡长,那个,1
乡长,瞧不起,1
乡长,农村,1
典型,那个,1
典型,时代,1
典型,大学生,1
典型,瞧不起,1
典型,农村,1
时代,那个,1
大学生,那个,1
瞧不起,那个,1
农村,那个,1
大学生,时代,1
时代,瞧不起,1
农村,时代,1
大学生,瞧不起,1
农村,大学生,1
农村,瞧不起,1
乡长,态度,1
乡长,崛起,1
态度,说话,1
看不起,说话,1
小辉,说话,1
崛起,说话,1
态度,看不起,1
小辉,态度,1
崛起,态度,1
小辉,看不起,1
崛起,看不起,1
小辉,崛起,1
可是,村干部,1
村干部,自己,1
分钟,村干部,1
当选,村干部,1
不是,村干部,1
东宝,村干部,1
村干部,说了算,1
分钟,可是,1
可是,当选,1
不是,可是,1
可是,说了算,1
分钟,自己,1
当选,自己,1
自己,说了算,1
分钟,当选,1
不是,分钟,1
东宝,分钟,1
分钟,说了算,1
不是,当选,1
东宝,当选,1
当选,说了算,1
不是,说了算,1
东宝,说了算,1
一个,办法,1
乡长,办法,1
以前,办法,1
东宝,办法,1
办法,县长,1
一次,素质,1
一次,文化,1
一次,无关,1
一次,城市,1
一次,乡下人,1
一次,眼光,1
文化,素质,1
无关,素质,1
城市,素质,1
乡下人,素质,1
眼光,素质,1
文化,无关,1
城市,文化,1
乡下人,文化,1
文化,眼光,1
城市,无关,1
乡下人,无关,1
无关,眼光,1
乡下人,城市,1
城市,眼光,1
乡下人,眼光,1
剧情,后面,1
后面,私人企业,1
后面,铺垫,1
后面,没有,1
后面,集体企业,1
剧情,私人企业,1
剧情,铺垫,1
剧情,集体企业,1
私人企业,铺垫,1
没有,私人企业,1
私人企业,集体企业,1
没有,铺垫,1
铺垫,集体企业,1
没有,集体企业,1
相比,说实话,1
现实,说实话,1
中楚,说实话,1
乡长,说实话,1
说实话,这么,1
说实话,说话,1
客气,说实话,1
现实,相比,1
中楚,相比,1
乡长,相比,1
相比,这么,1
相比,说话,1
客气,相比,1
中楚,现实,1
现实,说话,1
客气,现实,1
中楚,乡长,1
中楚,这么,1
中楚,说话,1
中楚,客气,1
乡长,客气,1
说话,这么,1
客气,说话,1
乡长,觉得,1
就是,觉得,1
出生,觉得,1
一定,觉得,1
乡长,出生,1
一定,乡长,1
出生,就是,1
一定,就是,1
一定,出生,1
官威,老徐,1
老徐,这么,1
乡长,老徐,1
应该,老徐,1
老徐,部委,1
老徐,领导,1
官威,这么,1
官威,应该,1
官威,部委,1
官威,领导,1
这么,部委,1
这么,领导,1
乡长,应该,1
乡长,部委,1
应该,部委,1
应该,领导,1
部委,领导,1
乡长,人家,1
人家,村支书,1
上级,人家,1
人家,领导,1
乡长,村支书,1
上级,乡长,1
上级,村支书,1
怎么,村支书,1
村支书,领导,1
上级,怎么,1
上级,领导,1
怎么,领导,1
东宝,太狂,1
东宝,放在眼里,1
太狂,开始,1
县长,开始,1
开始,放在眼里,1
开始,现在,1
县长,太狂,1
太狂,放在眼里,1
太狂,现在,1
乡长,太狂,1
县长,放在眼里,1
放在眼里,现在,1
乡长,放在眼里,1
两季,播完,1
世纪,两季,1
两季,年代,1
两季,这个,1
两季,速度,1
两季,大江大河,1
世纪,播完,1
年代,播完,1
播完,这个,1
播完,速度,1
大江大河,播完,1
世纪,年代,1
世纪,这个,1
世纪,速度,1
世纪,大江大河,1
年代,速度,1
大江大河,年代,1
这个,速度,1
大江大河,这个,1
大江大河,速度,1
东宝,小舅子,1
东宝,大学生,1
小舅子,小辉,1
大学生,小舅子,1
小舅子,怎么,1
乡长,小舅子,1
小舅子,这么,1
大学生,小辉,1
小辉,这么,1
大学生,怎么,1
大学生,这么,1
东宝,今天,1
不理,东宝,1
东宝,明天,1
东宝,高攀不起,1
不理,今天,1
今天,高攀不起,1
不理,明天,1
不理,高攀不起,1
明天,高攀不起,1
县长,大学生,1
大学生,老几,1
乡长,老几,1
县长,老几,1
年头,现在,1
你们,现在,1
现在,试一下,1
想见,现在,1
你家,现在,1
一面,现在,1
太难,现在,1
你们,年头,1
年头,试一下,1
年头,想见,1
你家,年头,1
乡长,年头,1
一面,年头,1
太难,年头,1
你们,试一下,1
你们,想见,1
你们,你家,1
乡长,你们,1
一面,你们,1
你们,太难,1
想见,试一下,1
你家,试一下,1
乡长,试一下,1
一面,试一下,1
太难,试一下,1
你家,想见,1
乡长,想见,1
一面,想见,1
太难,想见,1
乡长,你家,1
一面,你家,1
你家,太难,1
一面,乡长,1
乡长,太难,1
一面,太难,1
你们,林蛋,1
一个,你们,1
林蛋,知道,1
一个,林蛋,1
大江,林蛋,1
加油,林蛋,1
加油,知道,1
一个,大江,1
一个,加油,1
乡长,骑个,1
乡长,自行车,1
乡长,我大,1
乡长,进去,1
乡长,开上,1
乡长,小摩,1
怎么,骑个,1
怎么,自行车,1
怎么,我大,1
书记,怎么,1
怎么,进去,1
开上,怎么,1
小摩,怎么,1
自行车,骑个,1
我大,骑个,1
东宝,骑个,1
书记,骑个,1
进去,骑个,1
开上,骑个,1
小摩,骑个,1
我大,自行车,1
东宝,自行车,1
书记,自行车,1
自行车,进去,1
开上,自行车,1
小摩,自行车,1
东宝,我大,1
书记,我大,1
我大,进去,1
开上,我大,1
小摩,我大,1
东宝,开上,1
东宝,小摩,1
书记,进去,1
书记,开上,1
书记,小摩,1
开上,进去,1
小摩,进去,1
小摩,开上,1
不是,干部,1
不是,总归,1
不是,之间,1
不是,谈话,1
不是,可以,1
干部,总归,1
之间,干部,1
干部,谈话,1
可以,干部,1
之间,总归,1
总归,谈话,1
可以,总归,1
之间,谈话,1
之间,可以,1
可以,谈话,1
办成,监狱,1
出来,监狱,1
创业,办成,1
中心,办成,1
东宝,办成,1
出来,办成,1
出来,创业,1
东宝,中心,1
中心,出来,1
中有,现实生活,1
普通,现实生活,1
公务员,现实生活,1
坐标,现实生活,1
湖北,现实生活,1
枝江,现实生活,1
中有,普通,1
中有,公务员,1
中有,坐标,1
中有,湖北,1
中有,枝江,1
公务员,普通,1
坐标,普通,1
普通,湖北,1
普通,枝江,1
公务员,坐标,1
公务员,湖北,1
公务员,枝江,1
坐标,湖北,1
坐标,枝江,1
枝江,湖北,1
乡长,保安队,1
乡长,级别,1
乡长,他面,1
保安队,级别,1
保安队,现实,1
他面,保安队,1
现实,级别,1
他面,级别,1
他面,现实,1
东宝,就算,1
东宝,里面,1
东宝,只是,1
东宝,地方,1
东宝,办公,1
就算,监狱,1
就算,里面,1
只是,就算,1
地方,就算,1
办公,就算,1
监狱,里面,1
只是,监狱,1
地方,监狱,1
办公,监狱,1
只是,里面,1
地方,里面,1
办公,里面,1
只是,地方,1
办公,只是,1
办公,地方,1
如果,现实,1
现实,那样,1
人脉,现实,1
东宝,现实,1
早就,现实,1
现实,飞黄腾达,1
如果,宋运辉,1
如果,那样,1
人脉,如果,1
如果,早就,1
如果,飞黄腾达,1
宋运辉,那样,1
人脉,宋运辉,1
宋运辉,早就,1
宋运辉,飞黄腾达,1
人脉,那样,1
东宝,那样,1
早就,那样,1
那样,飞黄腾达,1
东宝,人脉,1
人脉,早就,1
人脉,飞黄腾达,1
东宝,早就,1
东宝,飞黄腾达,1
早就,飞黄腾达,1
电线厂,铜厂,1
已经,铜厂,1
乡里,铜厂,1
没收,铜厂,1
什么,铜厂,1
回去,铜厂,1
已经,电线厂,1
乡里,电线厂,1
没收,电线厂,1
什么,电线厂,1
回去,电线厂,1
乡里,已经,1
已经,没收,1
什么,已经,1
回去,已经,1
乡里,没收,1
乡里,什么,1
乡里,回去,1
什么,没收,1
回去,没收,1
什么,回去,1
东宝,好手,1
东宝,可惜,1
东宝,政府,1
东宝,挂钩,1
东宝,成功,1
创业,好手,1
创业,可惜,1
创业,政府,1
创业,挂钩,1
创业,成功,1
可惜,好手,1
好手,政府,1
好手,挂钩,1
好手,成功,1
可惜,政府,1
可惜,挂钩,1
可惜,成功,1
挂钩,政府,1
成功,政府,1
成功,挂钩,1
个体,国企,1
个体,顺应时代,1
国企,集体,1
集体,顺应时代,1
发展,集体,1
国企,顺应时代,1
发展,国企,1
发展,顺应时代,1
越俎代庖,这是,1
这是,那些,1
厂子,这是,1
村委会,这是,1
说不过去,这是,1
越俎代庖,那些,1
厂子,越俎代庖,1
村委会,越俎代庖,1
说不过去,越俎代庖,1
厂子,那些,1
村委会,那些,1
说不过去,那些,1
厂子,村委会,1
厂子,说不过去,1
村委会,说不过去,1
别人,惦记,1
主人,惦记,1
回来,惦记,1
惦记,能不恼,1
惦记,起码,1
小人,惦记,1
主人,别人,1
别人,回来,1
别人,能不恼,1
别人,起码,1
别人,小人,1
主人,回来,1
主人,能不恼,1
主人,起码,1
主人,小人,1
回来,能不恼,1
回来,起码,1
回来,小人,1
能不恼,起码,1
小人,能不恼,1
小人,起码,1
不远,两年,1
两年,大学生,1
两年,多金贵,1
两年,当年,1
不远,还是,1
大学生,还是,1
多金贵,还是,1
当年,还是,1
不远,大学生,1
不远,多金贵,1
不远,当年,1
多金贵,大学生,1
大学生,当年,1
多金贵,当年,1
人家,好歹,1
人家,科级,1
人家,县里,1
人家,人物,1
人家,官威,1
好歹,科级,1
好歹,干部,1
县里,好歹,1
人物,好歹,1
好歹,怎么,1
好歹,官威,1
县里,科级,1
人物,科级,1
怎么,科级,1
官威,科级,1
县里,干部,1
人物,干部,1
干部,怎么,1
官威,干部,1
人物,县里,1
县里,怎么,1
县里,官威,1
人物,官威,1
官威,怎么,1
杨巡,表面,1
杨巡,监狱,1
改造,杨巡,1
实际上,杨巡,1
创办,杨巡,1
一个,杨巡,1
创业,杨巡,1
中心,杨巡,1
村里,杨巡,1
干部,杨巡,1
杨巡,选举,1
出来,杨巡,1
上边,杨巡,1
杨巡,管不着,1
干部,村里,1
村里,选举,1
上边,村里,1
村里,管不着,1
干部,选举,1
出来,干部,1
上边,干部,1
干部,管不着,1
出来,选举,1
上边,选举,1
管不着,选举,1
上边,出来,1
出来,管不着,1
上边,管不着,1
原著,宋运辉,1
原著,要不然,1
原著,回去,1
不到,原著,1
宋运辉,政府,1
政府,要不然,1
不到,政府,1
宋运辉,要不然,1
回去,宋运辉,1
回去,要不然,1
不到,要不然,1
不到,回去,1
东宝,深造,1
东宝,觉悟,1
东宝,管理水平,1
书记,深造,1
一年,书记,1
书记,觉悟,1
书记,管理水平,1
书记,提高,1
不少,书记,1
一年,深造,1
深造,觉悟,1
深造,管理水平,1
提高,深造,1
不少,深造,1
一年,觉悟,1
一年,管理水平,1
一年,提高,1
管理水平,觉悟,1
提高,觉悟,1
不少,觉悟,1
提高,管理水平,1
不少,管理水平,1
不少,提高,1
东宝,村民,1
东宝,赶出,1
是不是,村民,1
怎么,是不是,1
是不是,赶出,1
怎么,村民,1
村民,赶出,1
怎么,赶出,1
发展趋势,国家,1
国家,快强,1
国家,好事,1
可是,国家,1
一些,国家,1
国家,普通人,1
发展趋势,快强,1
发展趋势,好事,1
发展趋势,可是,1
一些,发展趋势,1
发展趋势,普通人,1
好事,快强,1
可是,快强,1
一些,快强,1
快强,普通人,1
可是,好事,1
一些,好事,1
好事,普通人,1
一些,可是,1
可是,普通人,1
一些,普通人,1
一副,芝麻官,1
芝麻官,高级官员,1
派头,芝麻官,1
刘老根,芝麻官,1
乡长,芝麻官,1
一个,芝麻官,1
德行,芝麻官,1
一副,高级官员,1
一副,派头,1
一副,刘老根,1
一副,乡长,1
一个,一副,1
一副,德行,1
派头,高级官员,1
刘老根,高级官员,1
乡长,高级官员,1
一个,高级官员,1
德行,高级官员,1
刘老根,派头,1
乡长,派头,1
一个,派头,1
德行,派头,1
乡长,刘老根,1
一个,刘老根,1
刘老根,德行,1
乡长,德行,1
一个,德行,1
东宝,弹幕,1
东宝,放心,1
不到,东宝,1
东宝,犯错误,1
乡长,弹幕,1
乡长,放心,1
不到,乡长,1
乡长,犯错误,1
弹幕,放心,1
不到,弹幕,1
弹幕,犯错误,1
不到,放心,1
放心,犯错误,1
不到,犯错误,1
没本事,过去,1
没本事,现在,1
时代,没本事,1
不行,没本事,1
现在,过去,1
不行,过去,1
不行,现在,1
不行,时代,1
东宝,游后,1
东宝,思想觉悟,1
东宝,瞬间,1
东宝,提升,1
一年,监狱,1
游后,监狱,1
思想觉悟,监狱,1
监狱,瞬间,1
提升,监狱,1
不少,监狱,1
一年,游后,1
一年,思想觉悟,1
一年,瞬间,1
一年,提升,1
思想觉悟,游后,1
游后,瞬间,1
提升,游后,1
不少,游后,1
思想觉悟,瞬间,1
思想觉悟,提升,1
不少,思想觉悟,1
提升,瞬间,1
不少,瞬间,1
不少,提升,1
东宝,挺苦,1
东宝,几集,1
东宝,笼子,1
东宝,大结局,1
开始,挺苦,1
几集,挺苦,1
挺苦,笼子,1
大结局,挺苦,1
几集,开始,1
开始,笼子,1
大结局,开始,1
几集,笼子,1
几集,大结局,1
东宝,瞪眼,1
东宝,改变,1
东宝,相当,1
以前,拍桌子,1
以前,瞪眼,1
以前,改变,1
以前,相当,1
县长,瞪眼,1
县长,改变,1
县长,相当,1
拍桌子,瞪眼,1
拍桌子,改变,1
拍桌子,相当,1
现在,瞪眼,1
改变,瞪眼,1
相当,瞪眼,1
改变,现在,1
现在,相当,1
改变,相当,1
东宝,对接,1
东宝,眼里,1
以前,对接,1
以前,眼里,1
县长,对接,1
县长,眼里,1
一个,对接,1
乡长,对接,1
对接,眼里,1
一个,眼里,1
乡长,眼里,1
东宝,当年,1
东宝,俯首听命,1
县长,当年,1
当年,拍桌子,1
当年,现在,1
俯首听命,当年,1
俯首听命,县长,1
乡长,拍桌子,1
俯首听命,拍桌子,1
俯首听命,现在,1
乡长,俯首听命,1
我要,看小辉,1
我要,本来,1
多少,我要,1
乡长,我要,1
戏能,我要,1
少点,我要,1
本来,看小辉,1
多少,看小辉,1
乡长,看小辉,1
戏能,看小辉,1
少点,看小辉,1
多少,本来,1
乡长,本来,1
戏能,本来,1
少点,本来,1
乡长,多少,1
多少,戏能,1
多少,少点,1
乡长,戏能,1
乡长,少点,1
少点,戏能,1
因为,童路,1
童路,这里,1
善良,童路,1
所以,童路,1
堵门,童路,1
因为,这里,1
善良,因为,1
因为,所以,1
因为,堵门,1
善良,这里,1
所以,这里,1
堵门,这里,1
善良,所以,1
善良,堵门,1
堵门,所以,1
人设,小辉,1
完美,小辉,1
冤枉,小辉,1
小辉,时候,1
基本,小辉,1
单干,小辉,1
东宝,人设,1
东宝,完美,1
东宝,冤枉,1
东宝,基本,1
人设,完美,1
人设,冤枉,1
人设,时候,1
人设,基本,1
人设,单干,1
冤枉,完美,1
完美,时候,1
基本,完美,1
单干,完美,1
冤枉,时候,1
冤枉,基本,1
冤枉,单干,1
基本,时候,1
单干,时候,1
单干,基本,1
东宝,沟通,1
东宝,那轮,1
以前,直接,1
书记,以前,1
以前,沟通,1
以前,那轮,1
县长,直接,1
书记,直接,1
沟通,直接,1
直接,那轮,1
书记,县长,1
县长,沟通,1
县长,那轮,1
书记,沟通,1
书记,那轮,1
沟通,那轮,1
乡长,沟通,1
乡长,那轮,1
要是,雷霆,1
编辑,雷霆,1
刀片,雷霆,1
工人,雷霆,1
东宝,要是,1
编辑,要是,1
刀片,要是,1
大江,要是,1
工人,要是,1
东宝,编辑,1
东宝,刀片,1
刀片,编辑,1
大江,编辑,1
工人,编辑,1
刀片,大江,1
刀片,工人,1
不管,乡长,1
乡长,村子,1
乡长,老百姓,1
乡长,有人,1
主意,乡长,1
乡长,脸子,1
不管,自己,1
不管,村子,1
不管,老百姓,1
不管,有人,1
不管,主意,1
不管,脸子,1
村子,自己,1
老百姓,自己,1
有人,自己,1
主意,自己,1
脸子,自己,1
村子,老百姓,1
有人,村子,1
主意,村子,1
村子,脸子,1
有人,老百姓,1
主意,老百姓,1
老百姓,脸子,1
主意,有人,1
有人,脸子,1
主意,脸子,1
别个,大学生,1
别个,平原,1
别个,要升,1
不是,别个,1
别个,没有,1
别个,大专,1
别个,学历,1
别个,没上去,1
大学生,平原,1
大学生,要升,1
不是,大学生,1
大学生,没有,1
大专,大学生,1
大学生,学历,1
大学生,没上去,1
平原,要升,1
不是,平原,1
平原,没有,1
大专,平原,1
学历,平原,1
平原,没上去,1
不是,要升,1
没有,要升,1
大专,要升,1
学历,要升,1
没上去,要升,1
不是,没有,1
不是,大专,1
不是,学历,1
不是,没上去,1
大专,没有,1
学历,没有,1
没上去,没有,1
大专,学历,1
大专,没上去,1
学历,没上去,1
不同,时代,1
十几,时代,1
二十几年,时代,1
不同,现在,1
不同,十几,1
不同,二十几年,1
十几,现在,1
二十几年,现在,1
二十几年,十几,1
善于,老楚,1
最小,老楚,1
权力,老楚,1
发挥,老楚,1
最大,老楚,1
作用,老楚,1
父母官,老楚,1
善于,最小,1
善于,权力,1
发挥,善于,1
善于,最大,1
作用,善于,1
善于,父母官,1
最小,权力,1
发挥,最小,1
最大,最小,1
作用,最小,1
最小,父母官,1
发挥,权力,1
最大,权力,1
作用,权力,1
权力,父母官,1
发挥,最大,1
作用,发挥,1
发挥,父母官,1
作用,最大,1
最大,父母官,1
作用,父母官,1
人物,每个,1
每个,角色,1
一样,每个,1
文明,每个,1
每个,语言,1
每个,能耐,1
每个,自己,1
人物,角色,1
一样,人物,1
人物,文明,1
人物,语言,1
人物,能耐,1
人物,自己,1
一样,角色,1
文明,角色,1
角色,语言,1
能耐,角色,1
自己,角色,1
一样,文明,1
一样,语言,1
一样,自己,1
文明,语言,1
文明,能耐,1
文明,自己,1
能耐,语言,1
自己,语言,1
能耐,自己,1
人家,自己,1
人家,关系,1
人家,大江,1
人家,阿播,1
关系,自己,1
大江,自己,1
自己,阿播,1
关系,大江,1
关系,阿播,1
实干,往上爬,1
往上爬,能干,1
往上爬,政绩,1
好处,往上爬,1
动力,往上爬,1
实干,能干,1
实干,政绩,1
好处,实干,1
动力,实干,1
政绩,能干,1
好处,能干,1
动力,能干,1
好处,政绩,1
动力,政绩,1
动力,好处,1
人童路,搏浪,1
搏浪,敌人,1
搏浪,玩弄,1
搏浪,鼓掌,1
之中,搏浪,1
人童路,敌人,1
人童路,玩弄,1
人童路,鼓掌,1
之中,人童路,1
敌人,玩弄,1
敌人,鼓掌,1
之中,敌人,1
玩弄,鼓掌,1
之中,玩弄,1
之中,鼓掌,1
人家,政府,1
人家,对待,1
人家,刑满释放,1
人员,人家,1
人家,已经,1
人家,客气,1
干部,政府,1
政府,这么,1
对待,政府,1
刑满释放,政府,1
人员,政府,1
已经,政府,1
客气,政府,1
干部,这么,1
对待,干部,1
刑满释放,干部,1
人员,干部,1
已经,干部,1
客气,干部,1
对待,这么,1
刑满释放,这么,1
人员,这么,1
已经,这么,1
刑满释放,对待,1
人员,对待,1
对待,已经,1
客气,对待,1
刑满释放,已经,1
刑满释放,客气,1
人员,已经,1
人员,客气,1
客气,已经,1
乡村,集体,1
乡村,受伤,1
乡村,乡长,1
乡村,没有,1
乡村,自己,1
乡村,口袋,1
乡村,那些,1
乡村,伪军,1
受伤,集体,1
乡长,集体,1
没有,集体,1
口袋,集体,1
那些,集体,1
伪军,集体,1
乡长,受伤,1
受伤,没有,1
受伤,自己,1
受伤,口袋,1
受伤,那些,1
伪军,受伤,1
乡长,没有,1
乡长,口袋,1
乡长,那些,1
乡长,伪军,1
口袋,没有,1
没有,那些,1
伪军,没有,1
口袋,自己,1
自己,那些,1
伪军,自己,1
口袋,那些,1
伪军,口袋,1
伪军,那些,1
思想,现在,1
属于,现在,1
不用,现在,1
企业,思想,1
属于,思想,1
思想,根本,1
不用,思想,1
思想,股份,1
企业,属于,1
企业,根本,1
不用,企业,1
企业,股份,1
属于,根本,1
不用,属于,1
属于,股份,1
不用,根本,1
根本,股份,1
不用,股份,1
乡长,付出,1
乡长,很多,1
乡长,对于,1
乡长,害掉,1
乡长,公司,1
不会,乡长,1
乡长,脸色,1
付出,对于,1
付出,行贿,1
付出,害掉,1
付出,公司,1
不会,付出,1
付出,脸色,1
对于,很多,1
一个,很多,1
很多,行贿,1
害掉,很多,1
公司,很多,1
不会,很多,1
很多,脸色,1
一个,对于,1
对于,行贿,1
害掉,对于,1
公司,对于,1
不会,对于,1
对于,脸色,1
一个,行贿,1
一个,害掉,1
一个,公司,1
一个,不会,1
一个,脸色,1
害掉,行贿,1
公司,行贿,1
不会,行贿,1
脸色,行贿,1
公司,害掉,1
不会,害掉,1
害掉,脸色,1
不会,公司,1
公司,脸色,1
不会,脸色,1
发现,评论,1
发现,这么,1
发现,多人,1
发现,天然,1
仇富,发现,1
仇官,发现,1
人家,发现,1
发现,没错,1
评论,这么,1
多人,评论,1
天然,评论,1
仇富,评论,1
仇官,评论,1
人家,评论,1
没错,评论,1
多人,这么,1
天然,这么,1
仇富,这么,1
仇官,这么,1
多人,天然,1
仇富,多人,1
仇官,多人,1
人家,多人,1
多人,没错,1
仇富,天然,1
仇官,天然,1
人家,天然,1
天然,没错,1
仇官,仇富,1
人家,仇富,1
仇富,没错,1
人家,仇官,1
仇官,没错,1
人家,没错,1
城里人,无法,1
城里人,想象,1
城里人,年代,1
城里人,村长,1
乡长,城里人,1
城里人,权利,1
城里人,就是,1
土皇帝,城里人,1
想象,无法,1
年代,无法,1
无法,村长,1
乡长,无法,1
无法,权利,1
就是,无法,1
土皇帝,无法,1
年代,想象,1
想象,村长,1
乡长,想象,1
想象,权利,1
就是,想象,1
土皇帝,想象,1
年代,村长,1
乡长,年代,1
年代,权利,1
就是,年代,1
土皇帝,年代,1
乡长,村长,1
权利,村长,1
土皇帝,村长,1
乡长,权利,1
乡长,土皇帝,1
就是,权利,1
土皇帝,权利,1
土皇帝,就是,1
经历,见识,1
不爱发,见识,1
见识,评论,1
不爱发,经历,1
经历,评论,1
不爱发,评论,1
吃水,挖井,1
人雷,吃水,1
东宝,吃水,1
吃水,犯了错,1
但是,吃水,1
吃水,情有可原,1
人雷,挖井,1
东宝,挖井,1
挖井,犯了错,1
但是,挖井,1
情有可原,挖井,1
人雷,犯了错,1
人雷,但是,1
人雷,情有可原,1
东宝,犯了错,1
东宝,但是,1
东宝,情有可原,1
但是,犯了错,1
情有可原,犯了错,1
但是,情有可原,1
经理,自己,1
一半,自己,1
立马,自己,1
回去,自己,1
一半,经理,1
立马,经理,1
回去,经理,1
一半,立马,1
一半,回去,1
回去,立马,1
农村,我们,1
东宝,我们,1
带头人,我们,1
我们,捞油水,1
农村,需要,1
东宝,农村,1
农村,这样,1
农村,带头人,1
农村,捞油水,1
东宝,需要,1
带头人,需要,1
现在,需要,1
捞油水,需要,1
东宝,带头人,1
东宝,捞油水,1
带头人,这样,1
捞油水,这样,1
带头人,现在,1
带头人,捞油水,1
捞油水,现在,1
对付,杨巡,1
杨巡,这样,1
杨巡,高帽子,1
先带,杨巡,1
杨巡,然后,1
开始,杨巡,1
事情,杨巡,1
县城,是因为,1
县城,县里,1
以前,县城,1
县城,徐有,1
县城,平原,1
县城,现在,1
县城,认识,1
县里,是因为,1
以前,是因为,1
徐有,是因为,1
平原,是因为,1
是因为,现在,1
是因为,认识,1
以前,县里,1
县里,徐有,1
县里,平原,1
县里,认识,1
以前,徐有,1
以前,认识,1
平原,徐有,1
徐有,现在,1
徐有,认识,1
平原,现在,1
平原,认识,1
现在,认识,1
地方,每个,1
每个,需要,1
人来,每个,1
每个,管理,1
别说,每个,1
国家,每个,1
发工资,每个,1
不是,每个,1
地方,需要,1
人来,地方,1
地方,管理,1
别说,地方,1
国家,地方,1
发工资,地方,1
不是,地方,1
人来,需要,1
管理,需要,1
别说,需要,1
国家,需要,1
发工资,需要,1
不是,需要,1
人来,管理,1
人来,别说,1
人来,国家,1
人来,发工资,1
不是,人来,1
别说,管理,1
国家,管理,1
发工资,管理,1
不是,管理,1
别说,国家,1
别说,发工资,1
不是,别说,1
发工资,国家,1
不是,国家,1
不是,发工资,1
东宝,衔接,1
东宝,莫名其妙,1
东宝,快速,1
东宝,划过,1
衔接,这里,1
莫名其妙,这里,1
最后,这里,1
一集,这里,1
还是,这里,1
快速,这里,1
划过,这里,1
莫名其妙,衔接,1
最后,衔接,1
一集,衔接,1
衔接,还是,1
快速,衔接,1
划过,衔接,1
最后,莫名其妙,1
一集,莫名其妙,1
莫名其妙,还是,1
快速,莫名其妙,1
划过,莫名其妙,1
最后,还是,1
快速,最后,1
划过,最后,1
一集,还是,1
一集,快速,1
一集,划过,1
快速,还是,1
划过,还是,1
划过,快速,1
人管,足协,1
人管,现在,1
人管,明白,1
人管,这个,1
人管,道理,1
现在,足协,1
明白,足协,1
足协,这个,1
足协,道理,1
现在,道理,1
明白,这个,1
明白,道理,1
这个,道理,1
你们,村多,1
你们,生点,1
你们,孩子,1
你们,廉价,1
你们,劳动力,1
你们,市场,1
你们,马上,1
村多,生点,1
孩子,村多,1
廉价,村多,1
劳动力,村多,1
市场,村多,1
村多,马上,1
孩子,生点,1
廉价,生点,1
劳动力,生点,1
市场,生点,1
生点,马上,1
孩子,廉价,1
劳动力,孩子,1
孩子,市场,1
孩子,马上,1
劳动力,廉价,1
市场,廉价,1
廉价,马上,1
劳动力,市场,1
劳动力,马上,1
市场,马上,1
一生,人嘛,1
一样,人嘛,1
人嘛,所以,1
人嘛,傻瓜,1
人嘛,长短,1
人嘛,长于,1
人嘛,同好争,1
人嘛,高低,1
人嘛,就行了,1
一样,一生,1
一生,所以,1
一生,傻瓜,1
一生,长短,1
一生,长于,1
一生,同好争,1
一生,高低,1
一生,就行了,1
一样,所以,1
一样,傻瓜,1
一样,长短,1
一样,长于,1
一样,同好争,1
一样,高低,1
一样,就行了,1
傻瓜,所以,1
所以,长短,1
所以,长于,1
同好争,所以,1
所以,高低,1
就行了,所以,1
傻瓜,长短,1
傻瓜,长于,1
傻瓜,同好争,1
傻瓜,高低,1
傻瓜,就行了,1
长于,长短,1
同好争,长短,1
长短,高低,1
就行了,长短,1
同好争,长于,1
长于,高低,1
就行了,长于,1
同好争,高低,1
同好争,就行了,1
就行了,高低,1
小说,最后,1
为什么,小说,1
小说,那么,1
不是,小说,1
为什么,最后,1
最后,那么,1
为什么,那么,1
不是,为什么,1
不是,那么,1
不是,这个,1
不是,集体,1
不是,投资,1
不是,概念,1
不是,几个,1
不是,合伙人,1
不是,公司,1
这个,集体,1
投资,这个,1
概念,这个,1
合伙人,这个,1
公司,这个,1
投资,集体,1
概念,集体,1
几个,集体,1
合伙人,集体,1
公司,集体,1
投资,概念,1
几个,投资,1
合伙人,投资,1
公司,投资,1
几个,概念,1
合伙人,概念,1
公司,概念,1
几个,合伙人,1
公司,几个,1
公司,合伙人,1
之前,就是,1
之前,有点,1
之前,新来,1
之前,领导,1
之前,对着干,1
之前,引火,1
就是,有点,1
就是,新来,1
就是,领导,1
对着干,就是,1
就是,引火,1
新来,有点,1
有点,领导,1
对着干,有点,1
引火,有点,1
新来,领导,1
对着干,新来,1
引火,新来,1
对着干,领导,1
引火,领导,1
对着干,引火,1
大伯,就是,1
乡镇企业,大伯,1
大伯,股份制,1
大伯,建设,1
培养,大伯,1
大伯,村子,1
人才,大伯,1
发展,大伯,1
乡镇企业,就是,1
就是,股份制,1
就是,建设,1
培养,就是,1
就是,村子,1
人才,就是,1
乡镇企业,股份制,1
乡镇企业,建设,1
乡镇企业,培养,1
乡镇企业,村子,1
乡镇企业,人才,1
乡镇企业,发展,1
建设,股份制,1
培养,股份制,1
村子,股份制,1
人才,股份制,1
发展,股份制,1
培养,建设,1
建设,村子,1
人才,建设,1
发展,建设,1
培养,村子,1
人才,培养,1
发展,培养,1
人才,村子,1
人才,发展,1
基层,干过,1
基层,真的,1
乡镇,基层,1
书记,基层,1
乡长,基层,1
不是,基层,1
基层,知道,1
基层,多大谱,1
干过,真的,1
乡镇,干过,1
书记,干过,1
乡长,干过,1
不是,干过,1
干过,知道,1
多大谱,干过,1
乡镇,真的,1
书记,真的,1
乡长,真的,1
不是,真的,1
真的,知道,1
多大谱,真的,1
乡镇,书记,1
乡镇,乡长,1
不是,乡镇,1
乡镇,多大谱,1
不是,书记,1
书记,知道,1
书记,多大谱,1
不是,乡长,1
乡长,知道,1
乡长,多大谱,1
不是,知道,1
不是,多大谱,1
多大谱,知道,1
体制改革,后来,1
后来,来看,1
东宝,后来,1
后来,这是,1
后来,后退,1
一大步,后来,1
体制改革,来看,1
东宝,体制改革,1
体制改革,这是,1
体制改革,后退,1
一大步,体制改革,1
东宝,来看,1
来看,这是,1
后退,来看,1
一大步,来看,1
东宝,后退,1
一大步,东宝,1
后退,这是,1
一大步,这是,1
一大步,后退,1
宋运辉,雷迪嘎,1
公司,宋运辉,1
宋运辉,老子,1
一口,宋运辉,1
宋运辉,老面,1
宋运辉,馒头,1
公司,雷迪嘎,1
老子,雷迪嘎,1
一口,雷迪嘎,1
老面,雷迪嘎,1
雷迪嘎,馒头,1
公司,老子,1
一口,公司,1
公司,老面,1
公司,馒头,1
一口,老子,1
老子,老面,1
老子,馒头,1
一口,老面,1
一口,馒头,1
老面,馒头,1
现在,相当于,1
国家,现在,1
国企,现在,1
县里,相当于,1
县里,国家,1
县里,国企,1
国家,相当于,1
国企,相当于,1
人品,杨巡,1
人品,差远了,1
人品,弹幕,1
人品,喜欢,1
中国,棒球,1
中国,橄榄球,1
中国,联赛,1
世界杯,中国,1
中国,成为,1
中国,最具,1
中国,影响力,1
中国,比赛,1
棒球,橄榄球,1
棒球,联赛,1
世界杯,棒球,1
成为,棒球,1
最具,棒球,1
影响力,棒球,1
棒球,比赛,1
橄榄球,联赛,1
世界杯,橄榄球,1
成为,橄榄球,1
最具,橄榄球,1
影响力,橄榄球,1
橄榄球,比赛,1
世界杯,联赛,1
成为,联赛,1
最具,联赛,1
影响力,联赛,1
比赛,联赛,1
世界杯,成为,1
世界杯,最具,1
世界杯,影响力,1
世界杯,比赛,1
成为,最具,1
影响力,成为,1
成为,比赛,1
影响力,最具,1
最具,比赛,1
影响力,比赛,1
东宝,经历,1
东宝,这次,1
东宝,劫难,1
东宝,成熟,1
东宝,很多,1
杨巡,经历,1
杨巡,这次,1
劫难,杨巡,1
以后,杨巡,1
成熟,杨巡,1
很多,杨巡,1
小辉,经历,1
小辉,这次,1
劫难,小辉,1
小辉,成熟,1
小辉,很多,1
经历,这次,1
劫难,经历,1
以后,经历,1
成熟,经历,1
很多,经历,1
劫难,这次,1
以后,这次,1
成熟,这次,1
很多,这次,1
以后,劫难,1
劫难,成熟,1
劫难,很多,1
以后,成熟,1
以后,很多,1
很多,成熟,1
原著,没有,1
台商,没有,1
引资,没有,1
没有,虽然,1
失败,没有,1
没有,看来,1
一部,没有,1
原著,台商,1
原著,引资,1
原著,虽然,1
原著,失败,1
原著,看来,1
一部,原著,1
原著,成功,1
台商,引资,1
台商,虽然,1
台商,失败,1
台商,看来,1
一部,台商,1
台商,成功,1
引资,虽然,1
失败,引资,1
引资,看来,1
一部,引资,1
引资,成功,1
失败,虽然,1
看来,虽然,1
一部,虽然,1
成功,虽然,1
失败,看来,1
一部,失败,1
失败,成功,1
一部,看来,1
成功,看来,1
一部,成功,1
好多,现在,1
好多,最初,1
好多,集体企业,1
后来,好多,1
好多,私人,1
最初,现在,1
现在,集体企业,1
后来,现在,1
现在,私人,1
企业,最初,1
企业,集体企业,1
企业,后来,1
企业,私人,1
最初,集体企业,1
后来,最初,1
最初,私人,1
后来,集体企业,1
私人,集体企业,1
后来,私人,1
大规模,并购,1
大规模,打通,1
上下游,大规模,1
产业链,大规模,1
大规模,这有,1
大规模,现代化,1
大规模,投行,1
大规模,那味,1
并购,打通,1
上下游,并购,1
产业链,并购,1
并购,这有,1
并购,现代化,1
并购,投行,1
并购,那味,1
上下游,打通,1
产业链,打通,1
打通,这有,1
打通,现代化,1
打通,投行,1
打通,那味,1
上下游,产业链,1
上下游,这有,1
上下游,现代化,1
上下游,投行,1
上下游,那味,1
产业链,这有,1
产业链,现代化,1
产业链,投行,1
产业链,那味,1
现代化,这有,1
投行,这有,1
这有,那味,1
投行,现代化,1
现代化,那味,1
投行,那味,1
不怎么,坐牢,1
不怎么,坐成,1
坐成,坐牢,1
东宝,我雷,1
出过,我雷,1
一次,我雷,1
不拉着,我雷,1
乡长,我雷,1
后面,我雷,1
我雷,这么,1
东宝,出过,1
一次,东宝,1
不拉着,东宝,1
东宝,后面,1
一次,出过,1
不拉着,出过,1
乡长,出过,1
出过,后面,1
出过,这么,1
一次,不拉着,1
一次,乡长,1
一次,后面,1
一次,这么,1
不拉着,乡长,1
不拉着,后面,1
不拉着,这么,1
乡长,后面,1
一个,摆个,1
一个,地球仪,1
一个,以为,1
一个,宇宙,1
东宝,集体,1
东宝,经验,1
东宝,国有经济,1
东宝,个体,1
经验,集体,1
小辉,集体,1
国有经济,集体,1
杨巡,集体,1
小辉,经验,1
国有经济,经验,1
杨巡,经验,1
个体,经验,1
国有经济,小辉,1
个体,小辉,1
国有经济,杨巡,1
个体,国有经济,1
个体,杨巡,1
整合,没人,1
整合,竞争,1
出来,整合,1
东西,整合,1
没人,竞争,1
出来,没人,1
东西,没人,1
出来,竞争,1
东西,竞争,1
东西,出来,1
乡长,大人,1
乡长,精能,1
乡长,位置,1
就是,能力,1
官威,能力,1
大人,能力,1
精能,能力,1
能力,这个,1
位置,能力,1
不错,就是,1
不错,官威,1
不错,大人,1
不错,精能,1
不错,这个,1
不错,位置,1
官威,就是,1
大人,就是,1
就是,精能,1
就是,这个,1
位置,就是,1
大人,官威,1
官威,精能,1
官威,这个,1
位置,官威,1
大人,精能,1
大人,这个,1
位置,大人,1
精能,这个,1
位置,精能,1
位置,这个,1
垄断,资源整合,1
资源整合,集资,1
资源整合,越做越,1
然后,资源整合,1
发展,资源整合,1
其它,资源整合,1
产业,资源整合,1
垄断,集资,1
垄断,越做越,1
垄断,然后,1
发展,垄断,1
其它,垄断,1
产业,垄断,1
越做越,集资,1
然后,集资,1
发展,集资,1
其它,集资,1
产业,集资,1
然后,越做越,1
发展,越做越,1
其它,越做越,1
产业,越做越,1
其它,然后,1
产业,然后,1
其它,发展,1
产业,发展,1
产业,其它,1
其实,复婚,1
作为,复婚,1
厂长,复婚,1
复婚,非常,1
复婚,称职,1
但是,复婚,1
复婚,妻子,1
关心,复婚,1
作为,其实,1
其实,厂长,1
其实,非常,1
其实,称职,1
但是,其实,1
其实,妻子,1
关心,其实,1
作为,厂长,1
作为,非常,1
作为,称职,1
但是,作为,1
作为,妻子,1
作为,关心,1
厂长,非常,1
厂长,称职,1
但是,厂长,1
厂长,妻子,1
关心,厂长,1
称职,非常,1
但是,非常,1
妻子,非常,1
关心,非常,1
但是,称职,1
妻子,称职,1
关心,称职,1
但是,妻子,1
但是,关心,1
没什么,这部,1
坏人,这部,1
反应,这部,1
任性,这部,1
成年人,这部,1
不论,这部,1
对错,这部,1
坏人,没什么,1
反应,没什么,1
任性,没什么,1
成年人,没什么,1
不论,没什么,1
对错,没什么,1
反应,坏人,1
任性,坏人,1
坏人,成年人,1
不论,坏人,1
坏人,对错,1
任性,反应,1
反应,成年人,1
不论,反应,1
反应,对错,1
任性,成年人,1
不论,任性,1
任性,对错,1
不论,成年人,1
对错,成年人,1
不论,对错,1
我们,编剧,1
编剧,讨论,1
就是,编剧,1
演技,编剧,1
编剧,证明,1
我们,讨论,1
我们,演技,1
我们,证明,1
就是,讨论,1
演技,讨论,1
讨论,证明,1
就是,演技,1
就是,证明,1
演技,证明,1
绿色,这个,1
杯子,这个,1
当时,这个,1
一共,这个,1
两款,这个,1
还有,这个,1
杯子,绿色,1
当时,绿色,1
绿色,那个,1
年代,绿色,1
一共,绿色,1
两款,绿色,1
绿色,还有,1
当时,杯子,1
杯子,那个,1
年代,杯子,1
一共,杯子,1
两款,杯子,1
杯子,还有,1
当时,那个,1
年代,当时,1
一共,当时,1
两款,当时,1
当时,还有,1
一共,那个,1
两款,那个,1
还有,那个,1
一共,年代,1
两款,年代,1
年代,还有,1
一共,两款,1
一共,还有,1
两款,还有,1
以前,家里,1
以前,有个,1
以前,监狱,1
有个,知道,1
监狱,知道,1
家里,现在,1
家里,有个,1
家里,监狱,1
关心,家庭,1
太少,家庭,1
家庭,自信,1
多疑,家庭,1
关心,太少,1
关心,自信,1
关心,多疑,1
太少,自信,1
多疑,太少,1
多疑,自信,1
宋运辉,我整,1
再创,宋运辉,1
宋运辉,辉煌,1
再创,我整,1
我整,辉煌,1
乡办企业,最初,1
就是,最初,1
为了,最初,1
最初,满足,1
乡级,最初,1
县级,最初,1
最初,需求,1
最初,萌发,1
乡办企业,就是,1
为了,乡办企业,1
乡办企业,满足,1
乡办企业,乡级,1
乡办企业,县级,1
乡办企业,需求,1
乡办企业,萌发,1
为了,就是,1
就是,满足,1
乡级,就是,1
就是,需求,1
就是,萌发,1
为了,满足,1
为了,乡级,1
为了,县级,1
为了,需求,1
为了,萌发,1
乡级,满足,1
县级,满足,1
满足,需求,1
满足,萌发,1
乡级,县级,1
乡级,需求,1
乡级,萌发,1
县级,需求,1
县级,萌发,1
萌发,需求,1
乡长,墙头草,1
乡长,听说,1
乡长,利益,1
乡长,可图,1
乡长,倒水,1
听说,墙头草,1
利益,墙头草,1
可图,墙头草,1
倒水,墙头草,1
利益,听说,1
可图,听说,1
倒水,听说,1
利益,可图,1
倒水,利益,1
倒水,可图,1
还是,这个,1
显示,这个,1
生活,这个,1
书记,这个,1
恐怕,这个,1
县上,这个,1
有些,这个,1
关系,这个,1
现实,还是,1
显示,还是,1
生活,还是,1
书记,还是,1
恐怕,还是,1
县上,还是,1
有些,还是,1
关系,还是,1
显示,现实,1
现实,生活,1
书记,现实,1
恐怕,现实,1
县上,现实,1
有些,现实,1
关系,现实,1
显示,生活,1
书记,显示,1
恐怕,显示,1
县上,显示,1
显示,有些,1
关系,显示,1
书记,生活,1
恐怕,生活,1
县上,生活,1
有些,生活,1
关系,生活,1
书记,恐怕,1
书记,县上,1
书记,有些,1
书记,关系,1
县上,恐怕,1
恐怕,有些,1
关系,恐怕,1
县上,有些,1
关系,县上,1
关系,有些,1
大家,杨巡,1
杨巡,没错,1
就是,杨巡,1
杨巡,现实,1
杨巡,直接,1
大江,杨巡,1
厉害,杨巡,1
共产主义,实现,1
不够,实现,1
实现,马克思,1
不够,共产主义,1
共产主义,马克思,1
不够,马克思,1
小说,跟着,1
小说,时间,1
小说,点来,1
小说,演到,1
三月,小说,1
电视剧,跟着,1
时间,电视剧,1
点来,电视剧,1
演到,电视剧,1
三月,电视剧,1
时间,跟着,1
点来,跟着,1
演到,跟着,1
三月,跟着,1
时间,点来,1
时间,演到,1
三月,时间,1
演到,点来,1
三月,点来,1
三月,演到,1
电视剧,第一部,1
播放,第一部,1
整部,第一部,1
小说,第一部,1
一共,第一部,1
四部,第一部,1
播放,电视剧,1
整部,电视剧,1
一共,电视剧,1
播放,整部,1
小说,播放,1
一共,播放,1
四部,播放,1
小说,整部,1
一共,整部,1
四部,整部,1
一共,小说,1
一共,四部,1
来复,老子,1
我们,老子,1
再创,老子,1
老子,辉煌,1
我们,来复,1
再创,来复,1
来复,辉煌,1
再创,我们,1
我们,辉煌,1
不过,总经理,1
不过,里面,1
不过,还是,1
不过,算了,1
总经理,里面,1
总经理,还是,1
总经理,算了,1
还是,里面,1
算了,里面,1
算了,还是,1
产业,集群,1
不是,产业,1
产业,所有,1
产业,小企业,1
产业,利益,1
产业,驱动,1
不是,集群,1
所有,集群,1
小企业,集群,1
利益,集群,1
集群,驱动,1
不是,所有,1
不是,小企业,1
不是,利益,1
不是,驱动,1
小企业,所有,1
利益,所有,1
所有,驱动,1
利益,小企业,1
小企业,驱动,1
利益,驱动,1
评分,高收视率,1
带动,评分,1
朋友,评分,1
看起来,评分,1
评分,这样,1
导演,评分,1
下去,评分,1
带动,高收视率,1
朋友,高收视率,1
看起来,高收视率,1
这样,高收视率,1
导演,高收视率,1
下去,高收视率,1
带动,朋友,1
带动,看起来,1
带动,这样,1
导演,带动,1
下去,带动,1
朋友,看起来,1
朋友,这样,1
导演,朋友,1
下去,朋友,1
看起来,这样,1
导演,看起来,1
下去,看起来,1
导演,这样,1
下去,这样,1
以为,支持,1
以为,坐地,1
以为,镇长,1
以为,傻子,1
以为,愿意,1
坐地,支持,1
支持,镇长,1
傻子,支持,1
愿意,支持,1
坐地,镇长,1
傻子,坐地,1
坐地,愿意,1
傻子,镇长,1
愿意,镇长,1
傻子,愿意,1
不够,学习,1
学习,应该,1
多学,学习,1
几年,学习,1
出来,学习,1
学习,进去,1
两年,学习,1
不够,应该,1
不够,多学,1
不够,几年,1
不够,出来,1
不够,进去,1
不够,两年,1
多学,应该,1
几年,应该,1
应该,进去,1
两年,应该,1
几年,多学,1
出来,多学,1
多学,进去,1
两年,多学,1
几年,出来,1
几年,进去,1
两年,几年,1
两年,出来,1
两年,进去,1
东宝,迪迦,1
东宝,奥特曼,1
东宝,存在,1
东宝,气死,1
告诉,直接,1
直接,迪迦,1
奥特曼,直接,1
存在,直接,1
气死,直接,1
乡长,告诉,1
告诉,迪迦,1
告诉,奥特曼,1
告诉,存在,1
告诉,气死,1
乡长,迪迦,1
乡长,奥特曼,1
乡长,存在,1
乡长,气死,1
奥特曼,迪迦,1
存在,迪迦,1
气死,迪迦,1
奥特曼,存在,1
奥特曼,气死,1
存在,气死,1
一个,屁乡,1
一个,长官,1
一个,这大,1
屁乡,长官,1
县长,屁乡,1
屁乡,这大,1
县长,长官,1
这大,长官,1
县长,这么,1
这么,这大,1
干部,正科级,1
正科级,经济,1
正科级,量体,1
升级,正科级,1
干部,经济,1
干部,量体,1
干部,达到,1
升级,干部,1
经济,量体,1
经济,达到,1
升级,经济,1
达到,量体,1
升级,量体,1
小时候,记得,1
我们,记得,1
记得,镇上,1
林蛋大,记得,1
记得,这样,1
大学生,记得,1
小时候,我们,1
小时候,镇上,1
小时候,林蛋大,1
小时候,这样,1
大学生,小时候,1
我们,镇上,1
我们,林蛋大,1
大学生,我们,1
林蛋大,镇上,1
这样,镇上,1
大学生,镇上,1
林蛋大,这样,1
大学生,林蛋大,1
大学生,这样,1
但是,平级,1
平级,待遇,1
市辖区,平级,1
和县,平级,1
但是,待遇,1
但是,市辖区,1
但是,和县,1
市辖区,待遇,1
和县,待遇,1
变区,变县,1
变区,变市,1
变区,变国,1
变区,新区,1
变区,直辖市,1
变区,国级,1
乡长,变区,1
变县,变市,1
变县,变国,1
变县,新区,1
变县,直辖市,1
变县,国级,1
乡长,变县,1
变国,变市,1
变市,新区,1
变市,直辖市,1
变市,国级,1
乡长,变市,1
变国,新区,1
变国,直辖市,1
变国,国级,1
乡长,变国,1
新区,直辖市,1
国级,新区,1
乡长,新区,1
国级,直辖市,1
乡长,直辖市,1
乡长,国级,1
平原,徐到,1
到楚,徐到,1
徐到,胖雷,1
东宝,徐到,1
实力,徐到,1
征服,徐到,1
到楚,平原,1
平原,胖雷,1
东宝,平原,1
实力,平原,1
平原,征服,1
到楚,胖雷,1
东宝,到楚,1
到楚,实力,1
到楚,征服,1
东宝,胖雷,1
实力,胖雷,1
征服,胖雷,1
东宝,实力,1
东宝,征服,1
实力,征服,1
思路,还是,1
主动,还是,1
政绩,还是,1
几任,还是,1
得到,还是,1
东宝,思路,1
东宝,主动,1
东宝,政绩,1
东宝,几任,1
主动,思路,1
思路,政绩,1
几任,思路,1
得到,思路,1
主动,政绩,1
主动,几任,1
主动,得到,1
几任,政绩,1
得到,政绩,1
几任,得到,1
乡长,格局,1
乡长,原来,1
乡长,这种,1
一聊,乡长,1
乡长,发现,1
不错,格局,1
原来,格局,1
格局,看不起,1
格局,这种,1
格局,行贿,1
一聊,格局,1
发现,格局,1
格局,能力,1
不错,原来,1
不错,看不起,1
不错,这种,1
不错,行贿,1
一聊,不错,1
不错,发现,1
原来,看不起,1
原来,这种,1
原来,行贿,1
一聊,原来,1
原来,发现,1
原来,能力,1
看不起,这种,1
看不起,行贿,1
一聊,看不起,1
发现,看不起,1
看不起,能力,1
行贿,这种,1
一聊,这种,1
发现,这种,1
能力,这种,1
一聊,行贿,1
发现,行贿,1
能力,行贿,1
一聊,发现,1
一聊,能力,1
发现,能力,1
不要,小看,1
不要,乡镇,1
不要,实干家,1
不要,县市,1
不要,好多,1
乡镇,小看,1
实干家,小看,1
县市,小看,1
好多,小看,1
乡镇,实干家,1
乡镇,县市,1
乡镇,好多,1
县市,实干家,1
好多,实干家,1
县市,好多,1
原著,村里,1
原著,失控,1
原著,股份,1
原著,换取,1
乡里,原著,1
原著,支持,1
原著,这里,1
原著,有点,1
失控,村里,1
换取,村里,1
乡里,村里,1
支持,村里,1
村里,这里,1
有点,村里,1
村里,美化,1
失控,股份,1
失控,换取,1
乡里,失控,1
失控,支持,1
失控,这里,1
失控,有点,1
失控,美化,1
换取,股份,1
乡里,股份,1
支持,股份,1
股份,这里,1
有点,股份,1
美化,股份,1
乡里,换取,1
换取,支持,1
换取,这里,1
换取,有点,1
换取,美化,1
乡里,这里,1
乡里,有点,1
乡里,美化,1
支持,这里,1
支持,有点,1
支持,美化,1
有点,这里,1
美化,这里,1
有点,美化,1
不能,成立,1
成立,私人化,1
成立,改革,1
变成,成立,1
成立,自己,1
不能,集团,1
私人化,集团,1
改革,集团,1
变成,集团,1
自己,集团,1
不能,最后,1
不能,私人化,1
不能,改革,1
不能,变成,1
最后,私人化,1
改革,最后,1
变成,最后,1
最后,自己,1
改革,私人化,1
变成,私人化,1
私人化,自己,1
变成,改革,1
改革,自己,1
变成,自己,1
什么,镇长,1
什么,做出,1
什么,这样,1
什么,政绩,1
什么,最少,1
一级,什么,1
什么,县长,1
做出,镇长,1
这样,镇长,1
政绩,镇长,1
最少,镇长,1
一级,镇长,1
做出,这样,1
做出,政绩,1
做出,最少,1
一级,做出,1
做出,县长,1
最少,这样,1
一级,这样,1
县长,这样,1
政绩,最少,1
一级,政绩,1
县长,政绩,1
一级,最少,1
县长,最少,1
一级,县长,1
一级,镇乡,1
评判,镇乡,1
标准,镇乡,1
升级,镇乡,1
意味,镇乡,1
人口,镇乡,1
达到,镇乡,1
同时,镇乡,1
有钱,镇乡,1
一级,评判,1
一级,标准,1
一级,升级,1
一级,意味,1
一级,人口,1
一级,达到,1
一级,同时,1
一级,有钱,1
标准,评判,1
升级,评判,1
意味,评判,1
人口,评判,1
评判,达到,1
同时,评判,1
有钱,评判,1
升级,标准,1
意味,标准,1
人口,标准,1
同时,标准,1
有钱,标准,1
升级,意味,1
人口,升级,1
升级,同时,1
升级,有钱,1
人口,意味,1
意味,达到,1
同时,意味,1
意味,有钱,1
人口,达到,1
人口,同时,1
人口,有钱,1
同时,达到,1
有钱,达到,1
同时,有钱,1
厅级,宋运辉,1
宋运辉,干部,1
宋运辉,我哥,1
宋运辉,科级,1
乡长,宋运辉,1
一个,厅级,1
一个,我哥,1
一个,科级,1
厅级,干部,1
厅级,我哥,1
厅级,科级,1
乡长,厅级,1
干部,我哥,1
乡长,干部,1
我哥,科级,1
乡长,我哥,1
乡长,科级,1
瞧不起,说实话,1
宋运辉,说实话,1
说实话,这种,1
杨巡,说实话,1
当初,说实话,1
帮助,说实话,1
宋运辉,瞧不起,1
瞧不起,这种,1
杨巡,瞧不起,1
当初,瞧不起,1
帮助,瞧不起,1
宋运辉,当初,1
宋运辉,帮助,1
杨巡,这种,1
当初,这种,1
帮助,这种,1
当初,杨巡,1
帮助,杨巡,1
帮助,当初,1
东宝,彻底,1
东宝,配角,1
东宝,加油,1
东宝,愤怒,1
彻底,这个,1
这个,配角,1
加油,这个,1
愤怒,这个,1
彻底,角色,1
角色,配角,1
加油,角色,1
愤怒,角色,1
彻底,配角,1
加油,彻底,1
彻底,愤怒,1
加油,配角,1
愤怒,配角,1
加油,愤怒,1
看雷,读书,1
为什么,看雷,1
看雷,起来,1
人品,看雷,1
巡好,看雷,1
百倍,看雷,1
东宝,巡好,1
东宝,百倍,1
为什么,读书,1
读书,起来,1
人品,读书,1
巡好,读书,1
百倍,读书,1
为什么,起来,1
为什么,人品,1
为什么,巡好,1
为什么,百倍,1
人品,起来,1
巡好,起来,1
百倍,起来,1
人品,巡好,1
人品,百倍,1
巡好,百倍,1
同级,镇乡,1
不全,镇乡,1
镇乡,镇长,1
可比,镇乡,1
乡长,镇乡,1
吃香,镇乡,1
说白了,镇乡,1
就是,镇乡,1
区别,镇乡,1
不全,同级,1
同级,镇长,1
可比,同级,1
乡长,同级,1
吃香,同级,1
同级,说白了,1
同级,就是,1
区别,同级,1
不全,镇长,1
不全,可比,1
不全,乡长,1
不全,吃香,1
不全,说白了,1
不全,就是,1
不全,区别,1
可比,镇长,1
吃香,镇长,1
说白了,镇长,1
就是,镇长,1
区别,镇长,1
乡长,可比,1
可比,吃香,1
可比,说白了,1
可比,就是,1
区别,可比,1
乡长,吃香,1
乡长,说白了,1
乡长,区别,1
吃香,说白了,1
吃香,就是,1
区别,吃香,1
就是,说白了,1
区别,说白了,1
区别,就是,1
电瓶车,那个,1
那个,里面,1
人才,那个,1
说话,那个,1
好听,那个,1
超级,那个,1
喜欢,那个,1
那个,那里,1
可以,那个,1
那个,高级,1
文凭,那个,1
电瓶车,里面,1
人才,电瓶车,1
电瓶车,说话,1
好听,电瓶车,1
电瓶车,超级,1
喜欢,电瓶车,1
电瓶车,那里,1
可以,电瓶车,1
电瓶车,高级,1
文凭,电瓶车,1
人才,里面,1
说话,里面,1
好听,里面,1
超级,里面,1
喜欢,里面,1
那里,里面,1
可以,里面,1
里面,高级,1
文凭,里面,1
人才,说话,1
人才,好听,1
人才,超级,1
人才,喜欢,1
人才,那里,1
人才,可以,1
人才,高级,1
人才,文凭,1
好听,说话,1
说话,超级,1
喜欢,说话,1
说话,那里,1
可以,说话,1
说话,高级,1
文凭,说话,1
好听,超级,1
喜欢,好听,1
好听,那里,1
可以,好听,1
好听,高级,1
好听,文凭,1
喜欢,超级,1
超级,那里,1
可以,超级,1
超级,高级,1
文凭,超级,1
喜欢,那里,1
可以,喜欢,1
喜欢,高级,1
喜欢,文凭,1
可以,那里,1
那里,高级,1
文凭,那里,1
可以,高级,1
可以,文凭,1
文凭,高级,1
一点,岳父,1
关系,岳父,1
不是,岳父,1
主动,岳父,1
只是,岳父,1
岳父,默亨受,1
一点,关系,1
一点,不是,1
一点,主动,1
一点,只是,1
一点,默亨受,1
不是,关系,1
主动,关系,1
关系,只是,1
关系,默亨受,1
不是,主动,1
不是,只是,1
不是,默亨受,1
主动,只是,1
主动,默亨受,1
只是,默亨受,1
下级,直管,1
下级,就是,1
下级,属于,1
下级,县级,1
就是,直管,1
属于,直管,1
县级,直管,1
就是,属于,1
县级,属于,1
好多,这么,1
发展,好多,1
好多,起来,1
好多,然后,1
好多,开始,1
好多,资本,1
剥削,好多,1
企业,这么,1
企业,发展,1
企业,起来,1
企业,然后,1
企业,开始,1
企业,资本,1
企业,剥削,1
发展,这么,1
然后,这么,1
开始,这么,1
资本,这么,1
剥削,这么,1
发展,起来,1
发展,开始,1
发展,资本,1
剥削,发展,1
然后,起来,1
开始,起来,1
资本,起来,1
剥削,起来,1
然后,资本,1
剥削,然后,1
开始,资本,1
剥削,开始,1
剥削,资本,1
为了,镇长,1
自己,镇长,1
没有,镇长,1
提心吊胆,镇长,1
这么,镇长,1
多小厂,镇长,1
政治,镇长,1
没前途,镇长,1
为了,没有,1
为了,提心吊胆,1
为了,这么,1
为了,多小厂,1
为了,政治,1
为了,没前途,1
提心吊胆,自己,1
多小厂,自己,1
政治,自己,1
没前途,自己,1
提心吊胆,没有,1
没有,这么,1
多小厂,没有,1
政治,没有,1
没前途,没有,1
提心吊胆,这么,1
多小厂,提心吊胆,1
提心吊胆,政治,1
提心吊胆,没前途,1
多小厂,这么,1
政治,这么,1
没前途,这么,1
多小厂,政治,1
多小厂,没前途,1
政治,没前途,1
不行,你们,1
你们,可是,1
你们,每个,1
你们,器重,1
不行,东宝,1
东宝,每个,1
东宝,器重,1
不行,可是,1
不行,每个,1
不行,领导,1
不行,器重,1
可是,每个,1
可是,领导,1
可是,器重,1
每个,领导,1
器重,每个,1
器重,领导,1
一个,不能,1
一个,一件,1
一个,事来,1
一个,评判,1
一个,是否是,1
一个,好人,1
一个,坏人,1
一个,全方位,1
一件,不能,1
不能,事来,1
不能,评判,1
不能,是否是,1
不能,好人,1
不能,坏人,1
不能,应该,1
不能,全方位,1
一件,事来,1
一件,评判,1
一件,是否是,1
一件,好人,1
一件,坏人,1
一件,应该,1
一件,全方位,1
事来,评判,1
事来,是否是,1
事来,好人,1
事来,坏人,1
事来,应该,1
事来,全方位,1
是否是,评判,1
好人,评判,1
坏人,评判,1
应该,评判,1
全方位,评判,1
好人,是否是,1
坏人,是否是,1
应该,是否是,1
全方位,是否是,1
好人,应该,1
全方位,好人,1
坏人,应该,1
全方位,坏人,1
全方位,应该,1
傻子,比镇,1
只是,比镇,1
产业结构,比镇,1
定位,比镇,1
比镇,而已,1
傻子,只是,1
产业结构,傻子,1
傻子,定位,1
傻子,而已,1
产业结构,只是,1
只是,定位,1
只是,而已,1
产业结构,定位,1
产业结构,而已,1
定位,而已,1
县级市,同一,1
只要,我们,1
土地,我们,1
我们,追回来,1
就行了,我们,1
只要,需要,1
土地,需要,1
追回来,需要,1
就行了,需要,1
只要,这样,1
土地,这样,1
这样,追回来,1
就行了,这样,1
只要,土地,1
只要,追回来,1
只要,就行了,1
土地,追回来,1
土地,就行了,1
就行了,追回来,1
乡镇,代表,1
乡镇,城镇化,1
乡镇,工商业,1
主体,乡镇,1
代表,级别,1
城镇化,级别,1
工商业,级别,1
主体,级别,1
农业,级别,1
代表,城镇化,1
代表,工商业,1
主体,代表,1
代表,农业,1
城镇化,工商业,1
主体,城镇化,1
农业,城镇化,1
主体,工商业,1
农业,工商业,1
主体,农业,1
上镇,官方,1
大于,官方,1
官方,实际,1
乡镇,官方,1
同级,官方,1
农业,官方,1
官方,工业,1
上镇,大于,1
上镇,实际,1
上镇,乡镇,1
上镇,同级,1
上镇,农业,1
上镇,工业,1
大于,实际,1
乡镇,大于,1
同级,大于,1
农业,大于,1
大于,工业,1
乡镇,实际,1
同级,实际,1
农业,实际,1
实际,工业,1
乡镇,同级,1
乡镇,工业,1
农业,同级,1
同级,工业,1
农业,工业,1
其他,知道,1
怎么,知道,1
就是,知道,1
没有,知道,1
其他,地方,1
其他,怎么,1
其他,就是,1
其他,没有,1
地方,怎么,1
地方,没有,1
乡镇,地方,1
就是,怎么,1
怎么,没有,1
乡镇,怎么,1
就是,没有,1
乡镇,就是,1
厂长,这个,1
能耐,这个,1
下面,这个,1
推着,这个,1
乡长,厂长,1
乡长,能耐,1
下面,乡长,1
乡长,推着,1
一样,厂长,1
厂长,能耐,1
下面,厂长,1
厂长,推着,1
一样,下面,1
一样,推着,1
下面,能耐,1
推着,能耐,1
下面,推着,1
区别,级别,1
人口,级别,1
级别,经济,1
发达,级别,1
一样,区别,1
一样,非农业,1
一样,人口,1
一样,经济,1
一样,发达,1
区别,非农业,1
人口,区别,1
区别,经济,1
人口,非农业,1
经济,非农业,1
发达,非农业,1
人口,经济,1
人口,发达,1
发达,经济,1
整机,这样,1
利于,这样,1
群众,这样,1
总比,这样,1
作态,这样,1
利于,整机,1
整机,群众,1
总比,整机,1
作态,整机,1
政绩,整机,1
利于,群众,1
利于,总比,1
作态,利于,1
利于,政绩,1
总比,群众,1
作态,群众,1
政绩,群众,1
作态,总比,1
总比,政绩,1
作态,政绩,1
和县,说镇,1
一级,说镇,1
说镇,那个,1
是不是,说镇,1
比雷,说镇,1
东宝,说镇,1
说镇,进去,1
时间,说镇,1
一级,和县,1
和县,那个,1
和县,是不是,1
和县,比雷,1
东宝,和县,1
和县,进去,1
和县,时间,1
一级,那个,1
一级,是不是,1
一级,比雷,1
一级,东宝,1
一级,进去,1
一级,时间,1
是不是,那个,1
比雷,那个,1
东宝,那个,1
时间,那个,1
是不是,比雷,1
是不是,进去,1
时间,是不是,1
东宝,比雷,1
比雷,进去,1
时间,比雷,1
时间,进去,1
以前,等于,1
以前,关系,1
平原,等于,1
关系,平原,1
关系,等于,1
乡长,老狐狸,1
乡长,好处,1
乡长,担责,1
乡长,出力,1
一脸,乡长,1
乡长,冠冕堂皇,1
好处,老狐狸,1
担责,老狐狸,1
出力,老狐狸,1
一脸,老狐狸,1
冠冕堂皇,老狐狸,1
好处,担责,1
出力,好处,1
一脸,好处,1
冠冕堂皇,好处,1
出力,担责,1
一脸,担责,1
冠冕堂皇,担责,1
一脸,出力,1
冠冕堂皇,出力,1
一脸,冠冕堂皇,1
以后,感觉,1
感觉,这楚,1
乡长,感觉,1
前面,感觉,1
几位,感觉,1
一样,感觉,1
东宝,感觉,1
一条,感觉,1
感觉,裤子,1
以后,这楚,1
乡长,以后,1
以后,前面,1
以后,几位,1
一样,以后,1
一条,以后,1
以后,裤子,1
乡长,这楚,1
前面,这楚,1
几位,这楚,1
一样,这楚,1
东宝,这楚,1
一条,这楚,1
裤子,这楚,1
乡长,前面,1
乡长,几位,1
一条,乡长,1
乡长,裤子,1
几位,前面,1
一条,前面,1
前面,裤子,1
一样,几位,1
东宝,几位,1
一条,几位,1
几位,裤子,1
一条,一样,1
一样,裤子,1
一条,东宝,1
东宝,裤子,1
一条,裤子,1
中国,千万个,1
中国,干部,1
中国,撑起来,1
千万个,发展,1
发展,干部,1
发展,撑起来,1
千万个,现在,1
干部,现在,1
撑起来,现在,1
千万个,这样,1
千万个,干部,1
千万个,撑起来,1
干部,这样,1
撑起来,这样,1
干部,撑起来,1
一个,跟上,1
一个,乡要,1
一个,一些,1
只是,级别,1
级别,跟上,1
乡要,级别,1
人口数量,只是,1
只是,跟上,1
乡要,只是,1
一些,只是,1
人口数量,跟上,1
乡要,人口数量,1
一些,人口数量,1
乡要,跟上,1
一些,跟上,1
一些,乡要,1
县级市,同级,1
只是,同级,1
同级,规模,1
同级,档次,1
县级市,只是,1
县级市,规模,1
县级市,档次,1
变化,说老实话,1
没有,说老实话,1
说老实话,这么,1
何况,说老实话,1
减刑,说老实话,1
没到,说老实话,1
乡镇,街道办,1
乡镇,产业结构,1
乡镇,人口数量,1
一样,乡镇,1
一个,街道办,1
级别,街道办,1
产业结构,街道办,1
人口数量,街道办,1
一样,街道办,1
一个,产业结构,1
一个,一样,1
产业结构,级别,1
产业结构,人口数量,1
一样,产业结构,1
一样,人口数量,1
一般,镇长,1
副处,镇长,1
或者,镇长,1
处长,镇长,1
没到,镇长,1
一般,副处,1
一般,或者,1
一般,处长,1
一般,级别,1
一般,县长,1
一般,没到,1
一般,副厅,1
副处,或者,1
副处,处长,1
副处,级别,1
副处,县长,1
副处,没到,1
副厅,副处,1
处长,或者,1
或者,级别,1
县长,或者,1
或者,没到,1
副厅,或者,1
处长,级别,1
县长,处长,1
处长,没到,1
副厅,处长,1
没到,级别,1
县长,没到,1
副厅,没到,1
撤乡,设镇,1
撤乡,还是,1
一个,撤乡,1
撤乡,级别,1
就是,撤乡,1
换个,撤乡,1
撤乡,说法,1
撤乡,没什么,1
撤乡,改变,1
设镇,还是,1
一个,设镇,1
级别,设镇,1
就是,设镇,1
换个,设镇,1
设镇,说法,1
没什么,设镇,1
改变,设镇,1
级别,还是,1
就是,还是,1
换个,还是,1
说法,还是,1
没什么,还是,1
改变,还是,1
一个,换个,1
一个,说法,1
一个,没什么,1
就是,级别,1
换个,级别,1
级别,说法,1
没什么,级别,1
改变,级别,1
就是,换个,1
就是,说法,1
就是,没什么,1
就是,改变,1
换个,说法,1
换个,没什么,1
换个,改变,1
没什么,说法,1
改变,说法,1
改变,没什么,1
世上,没有,1
世上,绝对,1
世上,好人,1
世上,坏人,1
世上,但是,1
世上,伟大,1
世上,渺小,1
好人,没有,1
坏人,没有,1
伟大,没有,1
没有,渺小,1
好人,绝对,1
坏人,绝对,1
但是,绝对,1
伟大,绝对,1
渺小,绝对,1
但是,好人,1
伟大,好人,1
好人,渺小,1
但是,坏人,1
伟大,坏人,1
坏人,渺小,1
伟大,但是,1
但是,渺小,1
伟大,渺小,1
拉倒,镇长,1
拉倒,级别,1
县长,拉倒,1
处级,拉倒,1
一些,拉倒,1
副厅,拉倒,1
处级,镇长,1
一些,镇长,1
县长,处级,1
一些,县长,1
一些,处级,1
副厅,处级,1
一些,副厅,1
各位,看剧,1
看剧,豆瓣,1
打个,看剧,1
看剧,这么,1
剧分,看剧,1
不香,看剧,1
各位,豆瓣,1
各位,打个,1
各位,这么,1
剧分,各位,1
不香,各位,1
打个,豆瓣,1
豆瓣,这么,1
剧分,豆瓣,1
不香,豆瓣,1
打个,这么,1
剧分,打个,1
不香,打个,1
剧分,这么,1
不香,这么,1
不香,剧分,1
感觉,第三部,1
你们,感觉,1
感觉,期待,1
感情,感觉,1
感觉,这个,1
剧情,感觉,1
出发点,感觉,1
不同,感觉,1
你们,第三部,1
感情,第三部,1
第三部,这个,1
出发点,第三部,1
不同,第三部,1
你们,期待,1
你们,感情,1
你们,这个,1
你们,剧情,1
你们,出发点,1
不同,你们,1
感情,期待,1
期待,这个,1
剧情,期待,1
出发点,期待,1
不同,期待,1
感情,这个,1
剧情,感情,1
出发点,感情,1
不同,感情,1
剧情,这个,1
出发点,这个,1
出发点,剧情,1
不同,剧情,1
不同,出发点,1
别人,想要,1
尊重,想要,1
想要,自己,1
想要,脑子里,1
不是,想要,1
想要,肚子,1
别人,尊重,1
别人,脑子里,1
不是,别人,1
别人,肚子,1
尊重,自己,1
尊重,脑子里,1
不是,尊重,1
尊重,肚子,1
脑子里,自己,1
肚子,自己,1
不是,脑子里,1
肚子,脑子里,1
不是,肚子,1
事是,第一件,1
第一件,赶紧,1
第一件,造个,1
第一件,革命,1
接班人,第一件,1
第一件,首要,1
任务,第一件,1
事是,赶紧,1
事是,造个,1
事是,革命,1
事是,接班人,1
事是,首要,1
事是,任务,1
赶紧,造个,1
赶紧,革命,1
接班人,赶紧,1
赶紧,首要,1
任务,赶紧,1
造个,革命,1
接班人,造个,1
造个,首要,1
任务,造个,1
接班人,革命,1
革命,首要,1
任务,革命,1
接班人,首要,1
任务,接班人,1
任务,首要,1
发达,现在,1
县级市,发达,1
发达,普通,1
县级市,现在,1
普通,现在,1
区别,现在,1
县级市,普通,1
区别,县级市,1
区别,普通,1
广播,第一季,1
广播,开头,1
出现,广播,1
广播,这些,1
广播,开始,1
广播,那些,1
开头,第一季,1
出现,第一季,1
第一季,这些,1
开始,第一季,1
第一季,那些,1
出现,开头,1
开头,这些,1
开头,开始,1
开头,那些,1
出现,这些,1
出现,那些,1
开始,这些,1
这些,那些,1
开始,那些,1
今天,因为,1
不够,今天,1
今天,出色,1
不够,因为,1
出色,因为,1
因为,明天,1
不够,出色,1
不够,明天,1
出色,明天,1
主心骨,回来,1
主心骨,没有,1
主心骨,绝对,1
主心骨,能力,1
主心骨,只有,1
主心骨,道德,1
回来,没有,1
回来,绝对,1
回来,能力,1
只有,回来,1
回来,道德,1
没有,能力,1
没有,道德,1
绝对,能力,1
只有,绝对,1
绝对,道德,1
只有,能力,1
能力,道德,1
只有,道德,1
乡镇,行政,1
乡镇,单位,1
乡镇,更加,1
乡镇,趋近,1
乡镇,城市化,1
乡镇,人口,1
乡镇,多一些,1
一个,行政,1
一个,单位,1
一个,更加,1
一个,趋近,1
一个,城市化,1
一个,人口,1
一个,多一些,1
单位,行政,1
只是,行政,1
更加,行政,1
行政,趋近,1
城市化,行政,1
人口,行政,1
多一些,行政,1
单位,只是,1
单位,更加,1
单位,趋近,1
单位,城市化,1
人口,单位,1
单位,多一些,1
只是,更加,1
只是,趋近,1
只是,城市化,1
人口,只是,1
只是,多一些,1
更加,趋近,1
城市化,更加,1
人口,更加,1
多一些,更加,1
城市化,趋近,1
人口,趋近,1
多一些,趋近,1
人口,城市化,1
城市化,多一些,1
人口,多一些,1
乡镇,正科级,1
乡镇,财政收入,1
乡镇,达到,1
一定,乡镇,1
乡镇,标准,1
只是,正科级,1
正科级,财政收入,1
一定,正科级,1
标准,正科级,1
只是,财政收入,1
只是,达到,1
一定,只是,1
只是,标准,1
财政收入,达到,1
一定,财政收入,1
标准,财政收入,1
一定,达到,1
一定,标准,1
上任,第一部,1
就是,第一部,1
四眼,第一部,1
广播,第一部,1
叫红伟,第一部,1
他们,第一部,1
开会,第一部,1
上任,东宝,1
东宝,就是,1
东宝,广播,1
东宝,叫红伟,1
东宝,他们,1
上任,就是,1
上任,四眼,1
上任,广播,1
上任,叫红伟,1
上任,他们,1
上任,开会,1
四眼,就是,1
就是,广播,1
叫红伟,就是,1
他们,就是,1
就是,开会,1
四眼,广播,1
叫红伟,四眼,1
他们,四眼,1
四眼,开会,1
叫红伟,广播,1
他们,广播,1
广播,开会,1
他们,叫红伟,1
叫红伟,开会,1
他们,开会,1
一幕,回到,1
一幕,从前,1
一幕,建立,1
一幕,领导班子,1
一幕,时刻,1
一幕,大江,1
一幕,阿播,1
从前,回到,1
回到,建立,1
回到,领导班子,1
回到,时刻,1
回到,大江,1
回到,阿播,1
从前,建立,1
从前,领导班子,1
从前,时刻,1
从前,大江,1
从前,阿播,1
建立,领导班子,1
建立,时刻,1
大江,建立,1
建立,阿播,1
时刻,领导班子,1
大江,领导班子,1
阿播,领导班子,1
大江,时刻,1
时刻,阿播,1
东宝,带动,1
东宝,村里人,1
东宝,共同富裕,1
东宝,借钱,1
东宝,只管,1
带动,村里人,1
共同富裕,带动,1
带动,杨巡,1
借钱,带动,1
只管,带动,1
带动,自己,1
共同富裕,村里人,1
村里人,杨巡,1
借钱,村里人,1
只管,村里人,1
村里人,自己,1
共同富裕,杨巡,1
借钱,共同富裕,1
共同富裕,只管,1
共同富裕,自己,1
借钱,杨巡,1
只管,杨巡,1
杨巡,自己,1
借钱,只管,1
借钱,自己,1
只管,自己,1
自己,这群人,1
单干,这群人,1
太行,这群人,1
发现,这群人,1
还是,这群人,1
跟着,这群人,1
东宝,这群人,1
一些,这群人,1
单干,自己,1
太行,自己,1
发现,自己,1
自己,跟着,1
一些,自己,1
单干,太行,1
单干,发现,1
单干,还是,1
单干,跟着,1
一些,单干,1
发现,太行,1
太行,还是,1
太行,跟着,1
东宝,太行,1
一些,太行,1
发现,还是,1
发现,跟着,1
东宝,发现,1
一些,发现,1
跟着,还是,1
一些,还是,1
一些,跟着,1
妈呀,跟着,1
妈呀,起来,1
东宝,妈呀,1
妈呀,威信,1
起来,跟着,1
威信,跟着,1
威信,起来,1
东宝,威信,1
为了,真正,1
东宝,真正,1
真正,还是,1
四眼,真正,1
唯一,真正,1
开始,真正,1
受用,真正,1
东宝,为了,1
为了,四眼,1
为了,唯一,1
为了,开始,1
为了,受用,1
东宝,唯一,1
东宝,受用,1
四眼,还是,1
唯一,还是,1
开始,还是,1
受用,还是,1
唯一,四眼,1
四眼,开始,1
受用,四眼,1
唯一,开始,1
受用,唯一,1
受用,开始,1
乡镇,正科,1
乡镇,前面,1
乡镇,那个,1
乡镇,副厅,1
乡镇,真是,1
乡镇,张嘴,1
正科,领导,1
前面,领导,1
那个,领导,1
副厅,领导,1
真是,领导,1
张嘴,领导,1
前面,正科,1
正科,那个,1
副厅,正科,1
正科,真是,1
张嘴,正科,1
前面,那个,1
前面,副厅,1
前面,真是,1
前面,张嘴,1
副厅,那个,1
真是,那个,1
张嘴,那个,1
副厅,真是,1
副厅,张嘴,1
张嘴,真是,1
乡镇,虽然,1
乡镇,相同,1
乡里,乡镇,1
乡镇,大部分,1
乡镇,农民,1
乡镇,多镇,1
乡镇,非农业,1
乡镇,多些,1
级别,虽然,1
相同,虽然,1
乡里,虽然,1
大部分,虽然,1
农民,虽然,1
多镇,虽然,1
虽然,非农业,1
多些,虽然,1
相同,级别,1
乡里,级别,1
大部分,级别,1
农民,级别,1
多镇,级别,1
多些,级别,1
乡里,相同,1
大部分,相同,1
农民,相同,1
多镇,相同,1
相同,非农业,1
多些,相同,1
乡里,大部分,1
乡里,农民,1
乡里,多镇,1
乡里,非农业,1
乡里,多些,1
农民,大部分,1
多镇,大部分,1
大部分,非农业,1
多些,大部分,1
农民,多镇,1
农民,非农业,1
农民,多些,1
多镇,非农业,1
多些,多镇,1
多些,非农业,1
可爱,四眼,1
喜欢,四眼,1
四眼,村委会,1
几个,四眼,1
一起,四眼,1
四眼,特别,1
可爱,喜欢,1
可爱,村委会,1
几个,可爱,1
一起,可爱,1
可爱,特别,1
喜欢,村委会,1
几个,喜欢,1
一起,喜欢,1
喜欢,特别,1
几个,村委会,1
一起,村委会,1
村委会,特别,1
一起,几个,1
几个,特别,1
一起,特别,1
全心全意,好日子,1
全心全意,记得,1
好日子,记得,1
快抓紧,起来,1
快抓紧,晚点,1
快抓紧,看不见,1
快抓紧,重新,1
回归,快抓紧,1
东宝,快抓紧,1
书记,快抓紧,1
晚点,起来,1
看不见,起来,1
起来,重新,1
回归,起来,1
书记,起来,1
晚点,看不见,1
晚点,重新,1
回归,晚点,1
东宝,晚点,1
书记,晚点,1
看不见,重新,1
回归,看不见,1
东宝,看不见,1
书记,看不见,1
回归,重新,1
东宝,重新,1
书记,重新,1
东宝,回归,1
书记,回归,1
村支书,村长,1
属于,村支书,1
国家,村支书,1
公职人员,村支书,1
村支书,选拔,1
出来,村支书,1
优秀,村支书,1
村支书,村民,1
属于,村长,1
国家,村长,1
公职人员,村长,1
村长,选拔,1
出来,村长,1
优秀,村长,1
村民,村长,1
国家,属于,1
公职人员,属于,1
属于,选拔,1
出来,属于,1
优秀,属于,1
属于,村民,1
公职人员,国家,1
国家,选拔,1
出来,国家,1
优秀,国家,1
国家,村民,1
公职人员,选拔,1
公职人员,出来,1
优秀,公职人员,1
公职人员,村民,1
出来,选拔,1
优秀,选拔,1
村民,选拔,1
优秀,出来,1
出来,村民,1
优秀,村民,1
四眼,第一次,1
四眼,看不上,1
四眼,现在,1
却是,四眼,1
四眼,敬佩,1
看不上,第一次,1
现在,第一次,1
却是,第一次,1
敬佩,第一次,1
人格魅力,就是,1
就是,要是,1
就是,进去,1
大伙,就是,1
就是,放鞭炮,1
人格魅力,我们,1
人格魅力,村长,1
人格魅力,要是,1
人格魅力,进去,1
人格魅力,大伙,1
人格魅力,放鞭炮,1
我们,村长,1
我们,要是,1
我们,进去,1
大伙,我们,1
我们,放鞭炮,1
村长,要是,1
村长,进去,1
大伙,村长,1
放鞭炮,村长,1
要是,进去,1
大伙,要是,1
放鞭炮,要是,1
大伙,进去,1
放鞭炮,进去,1
大伙,放鞭炮,1
一秒钟,东宝,1
东宝,包围,1
东宝,有点,1
一秒钟,包围,1
一秒钟,这么,1
一秒钟,开心,1
一秒钟,有点,1
一秒钟,激动,1
包围,这么,1
包围,开心,1
包围,有点,1
包围,激动,1
有点,这么,1
开心,有点,1
开心,激动,1
有点,激动,1
史红伟,轻拍,1
东宝,史红伟,1
史红伟,这一下,1
史红伟,透露,1
史红伟,娇羞,1
史红伟,激动,1
可爱,史红伟,1
东宝,轻拍,1
轻拍,这一下,1
轻拍,透露,1
娇羞,轻拍,1
激动,轻拍,1
可爱,轻拍,1
东宝,这一下,1
东宝,透露,1
东宝,娇羞,1
东宝,可爱,1
这一下,透露,1
娇羞,这一下,1
激动,这一下,1
可爱,这一下,1
娇羞,透露,1
激动,透露,1
可爱,透露,1
娇羞,激动,1
可爱,娇羞,1
可爱,激动,1
不错,发展,1
发展,这边,1
发展,差不多,1
不错,我们,1
不错,现在,1
不错,这边,1
不错,差不多,1
我们,这边,1
差不多,我们,1
现在,这边,1
差不多,现在,1
差不多,这边,1
一个,人民,1
一个,服务,1
一个,老百姓,1
一个,着想,1
一个,群众,1
一个,爱戴,1
人民,服务,1
人民,老百姓,1
人民,着想,1
人民,干部,1
人民,就是,1
人民,群众,1
人民,爱戴,1
服务,老百姓,1
服务,着想,1
干部,服务,1
就是,服务,1
服务,群众,1
服务,爱戴,1
着想,老百姓,1
干部,老百姓,1
就是,老百姓,1
群众,老百姓,1
爱戴,老百姓,1
干部,着想,1
就是,着想,1
着想,群众,1
爱戴,着想,1
就是,干部,1
干部,群众,1
干部,爱戴,1
就是,群众,1
就是,爱戴,1
爱戴,群众,1
现在,电视剧,1
搭理,电视剧,1
只能,电视剧,1
电视剧,自己,1
搭理,现在,1
只能,现在,1
结束,默看,1
两季,结束,1
希望,结束,1
一切顺利,结束,1
结束,身体健康,1
两季,默看,1
留个,默看,1
希望,默看,1
一切顺利,默看,1
身体健康,默看,1
两季,留个,1
两季,希望,1
一切顺利,两季,1
两季,身体健康,1
希望,留个,1
一切顺利,留个,1
留个,身体健康,1
一切顺利,希望,1
希望,身体健康,1
一切顺利,身体健康,1
以前,媳妇,1
以前,天盖,1
以前,洋房,1
以前,功不可没,1
天盖,媳妇,1
媳妇,洋房,1
功不可没,媳妇,1
天盖,现在,1
洋房,现在,1
功不可没,现在,1
天盖,洋房,1
东宝,天盖,1
功不可没,天盖,1
东宝,洋房,1
功不可没,洋房,1
东宝,功不可没,1
群演,这些,1
知道,这些,1
大结局,这些,1
这些,那个,1
知道,群演,1
大结局,群演,1
群演,那个,1
大结局,知道,1
知道,那个,1
大结局,那个,1
中国,旁边,1
旁边,最牛,1
华西村,旁边,1
所以,旁边,1
他们,旁边,1
后来,旁边,1
中国,最牛,1
中国,华西村,1
中国,所以,1
中国,他们,1
中国,后来,1
华西村,最牛,1
所以,最牛,1
他们,最牛,1
后来,最牛,1
华西村,所以,1
他们,华西村,1
华西村,后来,1
他们,所以,1
后来,所以,1
他们,后来,1
东宝,参考,1
东宝,林耀东,1
东宝,致富,1
东宝,路线,1
东宝,白眼,1
书记,可以,1
书记,参考,1
一下,书记,1
书记,林耀东,1
书记,致富,1
书记,路线,1
书记,大江,1
书记,白眼,1
参考,可以,1
一下,可以,1
可以,林耀东,1
可以,致富,1
可以,路线,1
一下,参考,1
参考,林耀东,1
参考,致富,1
参考,路线,1
参考,大江,1
参考,白眼,1
一下,林耀东,1
一下,致富,1
一下,路线,1
一下,白眼,1
林耀东,致富,1
林耀东,路线,1
大江,林耀东,1
林耀东,白眼,1
致富,路线,1
大江,致富,1
白眼,致富,1
大江,路线,1
白眼,路线,1
房子,村里,1
东宝,村里,1
村里,真是,1
做到,村里,1
村里,造福,1
乡里乡亲,村里,1
东宝,房子,1
房子,真是,1
做到,房子,1
房子,造福,1
乡里乡亲,房子,1
东宝,真是,1
东宝,做到,1
东宝,造福,1
东宝,乡里乡亲,1
做到,真是,1
真是,造福,1
乡里乡亲,真是,1
做到,造福,1
乡里乡亲,做到,1
乡里乡亲,造福,1
临江镇,可能,1
其他,可能,1
乡镇,可能,1
估计,可能,1
副科,可能,1
可能,实权,1
人物,可能,1
临江镇,其他,1
临江镇,乡镇,1
临江镇,估计,1
临江镇,副科,1
临江镇,实权,1
临江镇,人物,1
估计,其他,1
其他,副科,1
其他,实权,1
人物,其他,1
乡镇,估计,1
乡镇,副科,1
乡镇,实权,1
乡镇,人物,1
估计,副科,1
估计,实权,1
人物,估计,1
副科,实权,1
人物,副科,1
人物,实权,1
一位,来自,1
一位,农村,1
一位,特岗,1
一位,教师,1
一位,这部,1
一位,伟大,1
一位,作品,1
一位,点赞,1
一位,致敬,1
农村,来自,1
来自,特岗,1
教师,来自,1
来自,这部,1
伟大,来自,1
作品,来自,1
来自,点赞,1
来自,致敬,1
农村,特岗,1
农村,教师,1
农村,这部,1
伟大,农村,1
作品,农村,1
农村,点赞,1
农村,致敬,1
教师,特岗,1
特岗,这部,1
伟大,特岗,1
作品,特岗,1
点赞,特岗,1
特岗,致敬,1
教师,这部,1
伟大,教师,1
作品,教师,1
教师,点赞,1
教师,致敬,1
伟大,这部,1
点赞,这部,1
致敬,这部,1
伟大,点赞,1
伟大,致敬,1
作品,点赞,1
作品,致敬,1
点赞,致敬,1
主旋律,电视剧,1
主旋律,主角,1
主旋律,当然,1
主旋律,完美,1
一点,主旋律,1
主旋律,起到,1
主旋律,榜样,1
主旋律,作用,1
主角,电视剧,1
当然,电视剧,1
完美,电视剧,1
一点,电视剧,1
电视剧,起到,1
榜样,电视剧,1
作用,电视剧,1
主角,当然,1
主角,完美,1
一点,主角,1
主角,起到,1
主角,榜样,1
主角,作用,1
完美,当然,1
一点,当然,1
当然,起到,1
当然,榜样,1
作用,当然,1
一点,完美,1
完美,起到,1
完美,榜样,1
作用,完美,1
一点,起到,1
一点,榜样,1
一点,作用,1
榜样,起到,1
作用,起到,1
作用,榜样,1
已经,我们,1
四层,我们,1
我们,落地,1
成片,我们,1
坐标,我们,1
我们,浙江,1
丽水,我们,1
山村,我们,1
四层,已经,1
已经,落地,1
已经,成片,1
坐标,已经,1
丽水,已经,1
山村,已经,1
四层,落地,1
四层,成片,1
四层,坐标,1
四层,浙江,1
丽水,四层,1
四层,山村,1
成片,落地,1
坐标,落地,1
浙江,落地,1
丽水,落地,1
山村,落地,1
坐标,成片,1
成片,浙江,1
丽水,成片,1
山村,成片,1
坐标,浙江,1
丽水,坐标,1
坐标,山村,1
丽水,浙江,1
山村,浙江,1
丽水,山村,1
东宝,招呼,1
东宝,大家,1
东宝,会议主题,1
东宝,欢迎,1
东宝,回村,1
大家,招呼,1
开会,招呼,1
会议主题,招呼,1
招呼,欢迎,1
回村,招呼,1
大家,开会,1
会议主题,大家,1
大家,欢迎,1
回村,大家,1
会议主题,开会,1
开会,欢迎,1
回村,开会,1
会议主题,欢迎,1
会议主题,回村,1
回村,欢迎,1
兄弟,猴鸿亮,1
兄弟,剧本,1
兄弟,创作,1
剧本,猴鸿亮,1
创作,猴鸿亮,1
东海,宋都,1
共事,宋都,1
东宝,宋都,1
宋都,怎么,1
可能,宋都,1
宋都,才判,1
东海,共事,1
东宝,东海,1
东海,怎么,1
东海,才判,1
东宝,共事,1
共事,可能,1
共事,才判,1
东宝,可能,1
东宝,才判,1
可能,怎么,1
怎么,才判,1
可能,才判,1
什么,小辉,1
什么,老马,1
什么,共事,1
什么,过去,1
小辉,情况,1
情况,老马,1
一起,情况,1
共事,情况,1
怎么,情况,1
情况,过去,1
小辉,老马,1
一起,小辉,1
共事,小辉,1
小辉,过去,1
一起,老马,1
共事,老马,1
怎么,老马,1
老马,过去,1
一起,共事,1
一起,怎么,1
一起,过去,1
共事,过去,1
怎么,过去,1
是不是,没完,1
是不是,继续,1
发展,是不是,1
合作,是不是,1
是不是,杨巡,1
商场,是不是,1
是不是,结果,1
没完,继续,1
发展,没完,1
合作,没完,1
杨巡,没完,1
商场,没完,1
没完,结果,1
发展,继续,1
合作,继续,1
杨巡,继续,1
商场,继续,1
结果,继续,1
发展,合作,1
发展,杨巡,1
发展,商场,1
发展,结果,1
合作,杨巡,1
合作,商场,1
合作,结果,1
商场,杨巡,1
杨巡,结果,1
商场,结果,1
全称,是不是,1
全称,就是,1
俄克拉荷马,全称,1
全称,雷霆,1
就是,是不是,1
俄克拉荷马,是不是,1
是不是,雷霆,1
俄克拉荷马,就是,1
就是,雷霆,1
俄克拉荷马,雷霆,1
东宝,这一看,1
东宝,没少,1
东宝,组建,1
东宝,战队,1
书记,这一看,1
书记,监狱,1
书记,没少,1
书记,组建,1
书记,雷霆,1
书记,战队,1
监狱,这一看,1
没少,这一看,1
组建,这一看,1
这一看,雷霆,1
战队,这一看,1
没少,监狱,1
监狱,组建,1
监狱,雷霆,1
战队,监狱,1
没少,组建,1
没少,雷霆,1
战队,没少,1
组建,雷霆,1
战队,组建,1
战队,雷霆,1
可真,大江,1
大江,牛皮,1
嘎巴,大江,1
出来,大江,1
大江,猴赛,1
加油,可真,1
加油,牛皮,1
加油,雷霆,1
加油,嘎巴,1
出来,加油,1
加油,猴赛,1
你们,可真,1
你们,牛皮,1
你们,嘎巴,1
你们,出来,1
你们,猴赛,1
可真,牛皮,1
可真,雷霆,1
可真,嘎巴,1
出来,可真,1
可真,猴赛,1
牛皮,雷霆,1
嘎巴,牛皮,1
出来,牛皮,1
牛皮,猴赛,1
嘎巴,雷霆,1
出来,雷霆,1
猴赛,雷霆,1
出来,嘎巴,1
嘎巴,猴赛,1
出来,猴赛,1
画个,观众,1
大饼,观众,1
然后,观众,1
完结,观众,1
一季,观众,1
知道,观众,1
啥时候,观众,1
大饼,画个,1
然后,画个,1
完结,画个,1
一季,画个,1
画个,知道,1
啥时候,画个,1
大饼,然后,1
大饼,完结,1
一季,大饼,1
大饼,知道,1
啥时候,大饼,1
完结,然后,1
一季,然后,1
然后,知道,1
啥时候,然后,1
一季,完结,1
完结,知道,1
啥时候,完结,1
一季,知道,1
一季,啥时候,1
啥时候,知道,1
农村,几年,1
几年,可能,1
几年,只能,1
你们,几年,1
几年,那时,1
几年,自己,1
几年,厂房,1
农村,可能,1
农村,房子,1
农村,只能,1
农村,那时,1
农村,自己,1
农村,厂房,1
可能,房子,1
只能,可能,1
你们,可能,1
可能,那时,1
厂房,可能,1
只能,房子,1
你们,房子,1
房子,那时,1
房子,自己,1
厂房,房子,1
只能,那时,1
只能,自己,1
厂房,只能,1
你们,那时,1
你们,自己,1
你们,厂房,1
自己,那时,1
厂房,那时,1
厂房,自己,1
东宝,乡级,1
东宝,难怪,1
厉害,村级,1
乡级,厉害,1
厉害,难怪,1
书记,厉害,1
乡级,村级,1
村级,难怪,1
书记,村级,1
乡级,难怪,1
乡级,书记,1
书记,难怪,1
电视剧,这是,1
能量,这是,1
肯定,这是,1
不会,这是,1
小说,这是,1
一样,这是,1
电视剧,能量,1
电视剧,结局,1
电视剧,肯定,1
一样,电视剧,1
结局,能量,1
肯定,能量,1
不会,能量,1
小说,能量,1
一样,能量,1
结局,肯定,1
小说,肯定,1
一样,肯定,1
一样,不会,1
一样,小说,1
没有,那么,1
没有,顺利,1
几个,没有,1
利益,没有,1
没有,背叛,1
那么,顺利,1
几个,那么,1
因为,那么,1
利益,那么,1
背叛,那么,1
几个,顺利,1
因为,顺利,1
利益,顺利,1
背叛,顺利,1
几个,因为,1
几个,利益,1
几个,背叛,1
利益,因为,1
因为,背叛,1
利益,背叛,1
厂子,变更,1
乡里,厂子,1
厂子,拿走,1
乡里,变更,1
变更,拿走,1
乡里,拿走,1
一下子,乡里,1
乡里,后面,1
乡里,肯定,1
乡里,得出,1
乡里,问题,1
一下子,后面,1
一下子,肯定,1
一下子,得出,1
一下子,问题,1
后面,肯定,1
后面,得出,1
后面,问题,1
得出,肯定,1
肯定,问题,1
得出,问题,1
东宝,格局,1
东宝,已经,1
东宝,原地踏步,1
已经,格局,1
提高,格局,1
几个,格局,1
原地踏步,格局,1
已经,提高,1
几个,已经,1
原地踏步,已经,1
几个,提高,1
原地踏步,提高,1
几个,原地踏步,1
一个,两个,1
一个,大概,1
一个,三个,1
两个,现在,1
大概,现在,1
三个,现在,1
两个,大概,1
三个,两个,1
三个,大概,1
凸显,这里,1
变化,这里,1
以前,这里,1
一言堂,这里,1
现在,这里,1
解释,这里,1
东宝,凸显,1
凸显,变化,1
以前,凸显,1
一言堂,凸显,1
凸显,现在,1
凸显,解释,1
东宝,变化,1
一言堂,东宝,1
东宝,解释,1
以前,变化,1
一言堂,变化,1
变化,现在,1
变化,解释,1
一言堂,以前,1
以前,解释,1
一言堂,现在,1
一言堂,解释,1
现在,解释,1
不然,几个,1
不然,土鳖,1
一样,不然,1
不思进取,不然,1
不然,眼前利益,1
不然,固化,1
几个,土鳖,1
一样,几个,1
不思进取,几个,1
几个,眼前利益,1
几个,固化,1
一样,土鳖,1
不思进取,土鳖,1
土鳖,眼前利益,1
固化,土鳖,1
一样,不思进取,1
一样,眼前利益,1
一样,固化,1
不思进取,眼前利益,1
不思进取,固化,1
固化,眼前利益,1
乡政府,后台,1
乡政府,属于,1
乡政府,国家队,1
乡政府,什么,1
乡政府,活儿,1
乡政府,接不着,1
后台,属于,1
后台,国家队,1
什么,后台,1
后台,活儿,1
后台,接不着,1
国家队,属于,1
什么,属于,1
属于,活儿,1
属于,接不着,1
什么,国家队,1
国家队,活儿,1
国家队,接不着,1
什么,活儿,1
什么,接不着,1
接不着,活儿,1
名片,好不容易,1
印出来,好不容易,1
好不容易,整合,1
好不容易,片名,1
不得,好不容易,1
好不容易,重新,1
印出来,名片,1
名片,整合,1
名片,片名,1
不得,名片,1
名片,重新,1
印出来,整合,1
印出来,片名,1
不得,印出来,1
印出来,重新,1
整合,片名,1
不得,整合,1
整合,重新,1
不得,片名,1
片名,重新,1
不得,重新,1
回来,杨巡,1
夺权,杨巡,1
怎么,杨巡,1
得到,杨巡,1
乡里,杨巡,1
支持,杨巡,1
东宝,夺权,1
东宝,乡里,1
东宝,支持,1
回来,夺权,1
回来,这么,1
回来,怎么,1
回来,得到,1
乡里,回来,1
回来,支持,1
夺权,这么,1
夺权,怎么,1
夺权,得到,1
乡里,夺权,1
夺权,支持,1
得到,这么,1
乡里,这么,1
支持,这么,1
得到,怎么,1
乡里,怎么,1
怎么,支持,1
乡里,得到,1
得到,支持,1
你们,电脑,1
你们,厂子,1
你们,雷蛇,1
你们,做点,1
你们,鼠标,1
电脑,雷霆,1
厂子,雷霆,1
雷蛇,雷霆,1
做点,雷霆,1
雷霆,鼠标,1
厂子,电脑,1
电脑,雷蛇,1
做点,电脑,1
电脑,鼠标,1
厂子,雷蛇,1
做点,厂子,1
厂子,鼠标,1
做点,雷蛇,1
雷蛇,鼠标,1
做点,鼠标,1
宋运辉,现在,1
宋运辉,讲道理,1
宋运辉,说服,1
以前,宋运辉,1
一意孤行,宋运辉,1
现在,讲道理,1
现在,说服,1
一意孤行,现在,1
知道,讲道理,1
知道,说服,1
一意孤行,知道,1
讲道理,说服,1
以前,讲道理,1
一意孤行,讲道理,1
以前,说服,1
一意孤行,说服,1
一意孤行,以前,1
什么,刑满释放,1
人员,什么,1
什么,资格,1
什么,村委会,1
一个,资格,1
一个,村委会,1
刑满释放,资格,1
刑满释放,村委会,1
人员,资格,1
人员,村委会,1
村委会,资格,1
宋运辉,完美,1
宋运辉,男人,1
俗人,宋运辉,1
宋运辉,福气,1
宋运辉,拥有,1
一个,完美,1
一个,这个,1
一个,俗人,1
一个,福气,1
一个,拥有,1
完美,男人,1
完美,开颜,1
完美,这个,1
俗人,完美,1
完美,没有,1
完美,福气,1
完美,拥有,1
开颜,男人,1
男人,这个,1
俗人,男人,1
没有,男人,1
男人,福气,1
拥有,男人,1
开颜,这个,1
俗人,开颜,1
开颜,没有,1
开颜,福气,1
开颜,拥有,1
俗人,这个,1
没有,这个,1
福气,这个,1
拥有,这个,1
俗人,没有,1
俗人,福气,1
俗人,拥有,1
没有,福气,1
拥有,没有,1
拥有,福气,1
东宝,第三个,1
东宝,宋和梁,1
东宝,出生,1
媳妇,第三个,1
出来,第三个,1
宋和梁,第三个,1
孩子,第三个,1
出生,第三个,1
出来,媳妇,1
媳妇,宋和梁,1
媳妇,孩子,1
出生,媳妇,1
出来,宋和梁,1
出来,孩子,1
出来,出生,1
孩子,宋和梁,1
出生,宋和梁,1
出生,孩子,1
你们,史红伟,1
史红伟,外姓,1
上海,史红伟,1
卖房子,史红伟,1
你们,外姓,1
上海,你们,1
你们,卖房子,1
上海,外姓,1
卖房子,外姓,1
上海,卖房子,1
弹幕,比看,1
剧情,弹幕,1
只有,弹幕,1
弹幕,想不到,1
弹幕,没有,1
弹幕,看不到,1
剧情,比看,1
比看,精彩,1
只有,比看,1
想不到,比看,1
比看,没有,1
比看,看不到,1
剧情,精彩,1
剧情,只有,1
剧情,想不到,1
剧情,看不到,1
只有,精彩,1
想不到,精彩,1
没有,精彩,1
看不到,精彩,1
只有,想不到,1
只有,看不到,1
想不到,没有,1
想不到,看不到,1
没有,看不到,1
太急,感觉,1
出来,感觉,1
感觉,梳理,1
一下,感觉,1
具体情况,感觉,1
外面,感觉,1
形势,感觉,1
不急,感觉,1
出来,太急,1
太急,梳理,1
一下,太急,1
具体情况,太急,1
外面,太急,1
太急,形势,1
不急,太急,1
出来,梳理,1
一下,出来,1
具体情况,出来,1
出来,外面,1
出来,形势,1
不急,出来,1
一下,梳理,1
具体情况,梳理,1
外面,梳理,1
形势,梳理,1
不急,梳理,1
一下,具体情况,1
一下,外面,1
一下,形势,1
一下,不急,1
具体情况,外面,1
具体情况,形势,1
不急,具体情况,1
外面,形势,1
不急,外面,1
不急,形势,1
东宝,威望,1
东宝,高为,1
东宝,老婆,1
东宝,搭进去,1
东宝,其他人,1
东宝,办不到,1
威望,高为,1
威望,老婆,1
威望,孩子,1
威望,搭进去,1
其他人,威望,1
办不到,威望,1
老婆,高为,1
孩子,高为,1
搭进去,高为,1
其他人,高为,1
办不到,高为,1
搭进去,老婆,1
其他人,老婆,1
办不到,老婆,1
孩子,搭进去,1
其他人,孩子,1
办不到,孩子,1
其他人,搭进去,1
办不到,搭进去,1
其他人,办不到,1
整体,私利,1
才能,私利,1
私利,进步,1
不然,私利,1
私利,集体,1
就是,私利,1
私利,耍流氓,1
才能,整体,1
整体,进步,1
不然,整体,1
整体,集体,1
就是,整体,1
整体,耍流氓,1
才能,进步,1
不然,才能,1
才能,集体,1
才能,耍流氓,1
不然,进步,1
进步,集体,1
就是,进步,1
耍流氓,进步,1
不然,集体,1
不然,就是,1
不然,耍流氓,1
就是,集体,1
耍流氓,集体,1
就是,耍流氓,1
人雷,宋运辉,1
下场,人雷,1
人雷,怎样,1
人雷,杨寻,1
人雷,做生意,1
人雷,艰难,1
下场,东宝,1
东宝,怎样,1
东宝,杨寻,1
东宝,做生意,1
东宝,艰难,1
下场,宋运辉,1
宋运辉,怎样,1
宋运辉,杨寻,1
做生意,宋运辉,1
宋运辉,艰难,1
下场,怎样,1
下场,杨寻,1
下场,做生意,1
下场,艰难,1
怎样,杨寻,1
做生意,怎样,1
怎样,艰难,1
做生意,杨寻,1
杨寻,艰难,1
做生意,艰难,1
众议,牢里,1
决策,牢里,1
牢里,现在,1
出来,牢里,1
牢里,还是,1
政策,牢里,1
政治权利,牢里,1
一把抓,牢里,1
众议,决策,1
众议,现在,1
众议,出来,1
众议,还是,1
众议,政策,1
众议,政治权利,1
一把抓,众议,1
决策,现在,1
决策,出来,1
决策,还是,1
决策,政策,1
决策,政治权利,1
一把抓,决策,1
政策,现在,1
政治权利,现在,1
一把抓,现在,1
出来,还是,1
出来,政策,1
出来,政治权利,1
一把抓,出来,1
政策,还是,1
政治权利,还是,1
一把抓,还是,1
政治权利,政策,1
一把抓,政策,1
一把抓,政治权利,1
认为,这么,1
正明,这么,1
红伟,这么,1
他们,这么,1
只想,这么,1
好日子,这么,1
正明,认为,1
红伟,认为,1
他们,认为,1
只想,认为,1
自己,认为,1
好日子,认为,1
正明,红伟,1
他们,正明,1
只想,正明,1
正明,自己,1
好日子,正明,1
他们,红伟,1
只想,红伟,1
红伟,自己,1
好日子,红伟,1
他们,只想,1
他们,自己,1
他们,好日子,1
只想,自己,1
只想,好日子,1
好日子,自己,1
现实生活,知道,1
有没有,现实生活,1
反正,现实生活,1
没见,现实生活,1
有没有,知道,1
反正,知道,1
没见,知道,1
有没有,这样,1
反正,这样,1
没见,这样,1
反正,有没有,1
有没有,没见,1
反正,没见,1
奇怪,好几百万,1
奇怪,往里,1
奇怪,税费,1
奇怪,好几十万,1
吃不上,奇怪,1
好几百万,往里,1
好几百万,税费,1
好几十万,好几百万,1
吃不上,好几百万,1
往里,税费,1
好几十万,往里,1
吃不上,往里,1
好几十万,税费,1
吃不上,税费,1
吃不上,好几十万,1
小姑娘,黄衣服,1
东海,黄衣服,1
厂当,黄衣服,1
工人,黄衣服,1
酒店,黄衣服,1
服务员,黄衣服,1
现在,黄衣服,1
回村,黄衣服,1
东海,小姑娘,1
厂当,小姑娘,1
小姑娘,工人,1
小姑娘,酒店,1
小姑娘,服务员,1
小姑娘,现在,1
回村,小姑娘,1
东海,厂当,1
东海,工人,1
东海,酒店,1
东海,服务员,1
东海,现在,1
东海,回村,1
厂当,工人,1
厂当,酒店,1
厂当,服务员,1
厂当,现在,1
厂当,回村,1
工人,酒店,1
工人,服务员,1
工人,现在,1
回村,工人,1
服务员,酒店,1
现在,酒店,1
回村,酒店,1
服务员,现在,1
回村,服务员,1
回村,现在,1
我怕,这么,1
一下子,这么,1
一句,这么,1
我们,这么,1
微商,这么,1
我怕,激动,1
一下子,激动,1
一句,激动,1
我们,激动,1
微商,激动,1
一下子,我怕,1
一句,我怕,1
我们,我怕,1
我怕,起来,1
微商,我怕,1
一下子,一句,1
一下子,我们,1
一下子,起来,1
一下子,微商,1
一句,我们,1
一句,起来,1
一句,微商,1
我们,起来,1
微商,我们,1
微商,起来,1
一期,合资,1
一期,开了个,1
一期,市场,1
合资,开了个,1
合资,市场,1
市场,开了个,1
原著,雷霆,1
为了,原著,1
原著,防止,1
原著,插手,1
原著,提高,1
原著,收入,1
原著,成立,1
为了,雷霆,1
防止,雷霆,1
政府,雷霆,1
插手,雷霆,1
提高,雷霆,1
收入,雷霆,1
为了,防止,1
为了,插手,1
为了,提高,1
为了,收入,1
为了,成立,1
政府,防止,1
插手,防止,1
提高,防止,1
收入,防止,1
成立,防止,1
插手,政府,1
提高,政府,1
收入,政府,1
成立,政府,1
提高,插手,1
插手,收入,1
成立,插手,1
提高,收入,1
成立,提高,1
成立,收入,1
什么,全体,1
什么,投票,1
什么,群众,1
什么,活动,1
什么,样板,1
什么,民心,1
什么,民意,1
什么,清晰,1
全体,投票,1
全体,群众,1
全体,活动,1
全体,样板,1
全体,民心,1
全体,民意,1
全体,清晰,1
投票,群众,1
投票,活动,1
投票,样板,1
投票,民心,1
投票,民意,1
投票,清晰,1
活动,群众,1
样板,群众,1
民心,群众,1
民意,群众,1
清晰,群众,1
样板,活动,1
民心,活动,1
民意,活动,1
活动,清晰,1
样板,民心,1
样板,民意,1
样板,清晰,1
民心,民意,1
民心,清晰,1
民意,清晰,1
价值观,高帽,1
打压,高帽,1
瞬间,高帽,1
事定,高帽,1
没有,高帽,1
合谋,高帽,1
时间,高帽,1
价值观,打压,1
价值观,瞬间,1
事定,价值观,1
价值观,没有,1
价值观,合谋,1
价值观,时间,1
打压,瞬间,1
事定,打压,1
打压,没有,1
合谋,打压,1
打压,时间,1
事定,瞬间,1
没有,瞬间,1
合谋,瞬间,1
时间,瞬间,1
事定,没有,1
事定,合谋,1
事定,时间,1
合谋,没有,1
时间,没有,1
合谋,时间,1
还是,霸王,1
还是,重新,1
投票,还是,1
为止,还是,1
重新,霸王,1
投票,霸王,1
为止,霸王,1
投票,重新,1
为止,重新,1
为止,投票,1
宋运辉,年月日,1
宋运辉,正午,1
宋运辉,阳光,1
宋运辉,董事长,1
侯鸿亮,宋运辉,1
宋运辉,宣布,1
大江大河,宋运辉,1
剧本,宋运辉,1
宋运辉,正在,1
创作,宋运辉,1
一下,告诉,1
告诉,朋友,1
告诉,看雷,1
告诉,最后,1
一集,告诉,1
告诉,就行了,1
一下,朋友,1
一下,看雷,1
一下,一集,1
一下,就行了,1
朋友,看雷,1
东宝,朋友,1
最后,朋友,1
一集,朋友,1
就行了,朋友,1
最后,看雷,1
一集,看雷,1
就行了,看雷,1
东宝,就行了,1
就行了,最后,1
一集,就行了,1
人用,这帮,1
可能,这帮,1
这帮,饿死,1
这帮,那个,1
不是,这帮,1
自己,这帮,1
本事,这帮,1
混饭吃,这帮,1
人用,可能,1
人用,饿死,1
人用,那个,1
不是,人用,1
人用,自己,1
人用,本事,1
人用,混饭吃,1
可能,饿死,1
可能,那个,1
可能,本事,1
可能,混饭吃,1
那个,饿死,1
不是,饿死,1
自己,饿死,1
本事,饿死,1
混饭吃,饿死,1
不是,那个,1
自己,那个,1
本事,那个,1
混饭吃,那个,1
不是,本事,1
不是,混饭吃,1
本事,自己,1
混饭吃,自己,1
本事,混饭吃,1
一共,年纪,1
一共,小心,1
一共,这辈子,1
一共,看不到,1
一共,结尾,1
一共,累不死,1
小心,年纪,1
年纪,这辈子,1
年纪,看不到,1
年纪,结尾,1
年纪,累不死,1
小心,这辈子,1
小心,看不到,1
小心,结尾,1
小心,累不死,1
看不到,这辈子,1
结尾,这辈子,1
累不死,这辈子,1
看不到,结尾,1
看不到,累不死,1
累不死,结尾,1
现在,电视,1
学尖,现在,1
改成,现在,1
现在,说不完,1
学尖,电视,1
不是,电视,1
一下,电视,1
改成,电视,1
电视,说不完,1
不是,学尖,1
一下,学尖,1
学尖,改成,1
学尖,说不完,1
一下,不是,1
不是,改成,1
不是,说不完,1
一下,改成,1
一下,说不完,1
改成,说不完,1
怎么,画饼,1
以后,画饼,1
画饼,还会,1
以后,怎么,1
怎么,还会,1
东宝,还会,1
我想,看小辉,1
我想,梁小姐,1
我想,荒地,1
怎么样,我想,1
事情,我想,1
办完,我想,1
梁小姐,看小辉,1
看小辉,荒地,1
怎么样,看小辉,1
事情,看小辉,1
办完,看小辉,1
梁小姐,荒地,1
怎么样,梁小姐,1
事情,梁小姐,1
办完,梁小姐,1
怎么样,荒地,1
事情,荒地,1
办完,荒地,1
事情,怎么样,1
办完,怎么样,1
事情,办完,1
你们,几个,1
你们,收入,1
你们,提上去,1
你们,然后,1
你们,这些,1
人都动,你们,1
你们,眼睛,1
几个,收入,1
几个,提上去,1
几个,然后,1
几个,这些,1
人都动,几个,1
几个,眼睛,1
提上去,收入,1
收入,然后,1
收入,这些,1
人都动,收入,1
收入,眼睛,1
提上去,然后,1
提上去,这些,1
人都动,提上去,1
提上去,眼睛,1
然后,这些,1
人都动,然后,1
然后,眼睛,1
人都动,这些,1
眼睛,这些,1
人都动,眼睛,1
大家,生活,1
变好,大家,1
却说,大家,1
大家,画饼,1
哪样,大家,1
不是,大家,1
变好,生活,1
你们,生活,1
却说,生活,1
生活,画饼,1
哪样,生活,1
不是,生活,1
你们,变好,1
却说,变好,1
变好,画饼,1
变好,哪样,1
不是,变好,1
你们,却说,1
你们,画饼,1
你们,哪样,1
不是,你们,1
却说,画饼,1
却说,哪样,1
不是,却说,1
哪样,画饼,1
不是,画饼,1
不是,哪样,1
商量,锤子,1
商量,这样,1
一说,商量,1
同意,商量,1
不是,商量,1
全村人,商量,1
商量,得罪,1
这样,锤子,1
一说,锤子,1
同意,锤子,1
不是,锤子,1
全村人,锤子,1
得罪,锤子,1
一说,这样,1
同意,这样,1
不是,这样,1
全村人,这样,1
得罪,这样,1
一说,同意,1
一说,不是,1
一说,全村人,1
一说,得罪,1
不是,同意,1
全村人,同意,1
同意,得罪,1
不是,全村人,1
不是,得罪,1
全村人,得罪,1
现在,觉得,1
干股,现在,1
就行了,现在,1
为什么,明白,1
明白,股份,1
明白,觉得,1
干股,明白,1
就行了,明白,1
为什么,股份,1
为什么,觉得,1
为什么,干股,1
为什么,就行了,1
股份,觉得,1
干股,股份,1
就行了,股份,1
干股,觉得,1
就行了,觉得,1
就行了,干股,1
成立,收购,1
成立,超音速队,1
成立,改成,1
成立,队哈,1
收购,集团,1
超音速队,集团,1
改成,集团,1
队哈,集团,1
收购,最后,1
最后,超音速队,1
改成,最后,1
最后,队哈,1
收购,超音速队,1
收购,改成,1
收购,队哈,1
改成,超音速队,1
超音速队,队哈,1
改成,队哈,1
出狱,工人,1
之后,工人,1
工人,成为,1
工人,画饼,1
大师,工人,1
之后,出狱,1
东宝,出狱,1
出狱,成为,1
出狱,画饼,1
出狱,大师,1
出狱,厉害,1
东宝,之后,1
之后,成为,1
之后,画饼,1
之后,大师,1
之后,厉害,1
东宝,成为,1
东宝,大师,1
成为,画饼,1
大师,成为,1
厉害,成为,1
大师,画饼,1
厉害,画饼,1
厉害,大师,1
就是,开口,1
开口,画饼,1
开口,真是,1
不服,开口,1
不行,开口,1
就是,画饼,1
就是,真是,1
不服,就是,1
不行,就是,1
画饼,真是,1
不服,画饼,1
不行,画饼,1
不服,真是,1
不行,真是,1
不服,不行,1
大疆,这个,1
大哥,这个,1
完整,这个,1
整部,这个,1
这个,这辈子,1
看不完,这个,1
大哥,大疆,1
大疆,完整,1
大疆,整部,1
大疆,这辈子,1
大疆,看不完,1
大哥,完整,1
大哥,整部,1
大哥,这辈子,1
大哥,看不完,1
完整,整部,1
完整,这辈子,1
完整,看不完,1
整部,这辈子,1
整部,看不完,1
看不完,这辈子,1
即将,第一次,1
失去,第一次,1
大江大河,第一次,1
深圳,第一次,1
第一次,隔离,1
即将,弹幕,1
失去,弹幕,1
大江大河,弹幕,1
弹幕,深圳,1
弹幕,隔离,1
即将,失去,1
即将,大江大河,1
即将,深圳,1
即将,隔离,1
大江大河,失去,1
失去,深圳,1
失去,隔离,1
大江大河,深圳,1
大江大河,隔离,1
深圳,隔离,1
公之心,洁身自好,1
公之心,裹挟,1
公之心,民意,1
一两次,公之心,1
公之心,未尝不可,1
做好,公之心,1
公之心,监管,1
洁身自好,裹挟,1
民意,洁身自好,1
一两次,洁身自好,1
未尝不可,洁身自好,1
做好,洁身自好,1
洁身自好,监管,1
民意,裹挟,1
一两次,裹挟,1
未尝不可,裹挟,1
做好,裹挟,1
监管,裹挟,1
一两次,民意,1
未尝不可,民意,1
做好,民意,1
民意,监管,1
一两次,未尝不可,1
一两次,做好,1
一两次,监管,1
做好,未尝不可,1
未尝不可,监管,1
做好,监管,1
大江大河,开播,1
可能,大江大河,1
不是,大江大河,1
单身,大江大河,1
大江,大江大河,1
周年,大江大河,1
开播,时候,1
可能,开播,1
不是,开播,1
单身,开播,1
大江,开播,1
周年,开播,1
不是,时候,1
单身,时候,1
周年,时候,1
单身,可能,1
可能,大江,1
可能,周年,1
不是,单身,1
不是,周年,1
单身,大江,1
单身,周年,1
生正明,相由心,1
演员,相由心,1
相由心,老演,1
坏人,相由心,1
相由心,舒服,1
演员,生正明,1
生正明,老演,1
坏人,生正明,1
生正明,舒服,1
演员,老演,1
坏人,演员,1
演员,舒服,1
坏人,老演,1
老演,舒服,1
坏人,舒服,1
不是,正要,1
最后,正要,1
一集,正要,1
我会,正要,1
正要,赞成,1
一部,正要,1
怎么,正要,1
一集,不是,1
不是,我会,1
不是,赞成,1
不是,怎么,1
我会,最后,1
最后,赞成,1
一部,最后,1
怎么,最后,1
一集,我会,1
一集,赞成,1
一部,一集,1
一集,怎么,1
我会,赞成,1
一部,我会,1
怎么,我会,1
一部,赞成,1
怎么,赞成,1
一部,怎么,1
人家,投票,1
东宝,人家,1
人家,跑出去,1
人家,干嘛,1
人家,进去,1
人家,出来,1
一样,人家,1
投票,跑出去,1
干嘛,投票,1
投票,进去,1
出来,投票,1
一样,投票,1
东宝,跑出去,1
东宝,干嘛,1
干嘛,跑出去,1
跑出去,进去,1
出来,跑出去,1
一样,跑出去,1
干嘛,进去,1
出来,干嘛,1
一样,干嘛,1
一样,进去,1
一样,出来,1
东宝,聪明,1
东宝,所有人,1
东宝,反对,1
东宝,没用,1
东宝,依靠群众,1
村级,聪明,1
所有人,聪明,1
可以,聪明,1
投票,聪明,1
几个,聪明,1
聪明,领导,1
反对,聪明,1
没用,聪明,1
依靠群众,聪明,1
所有人,村级,1
可以,村级,1
投票,村级,1
几个,村级,1
村级,领导,1
反对,村级,1
村级,没用,1
依靠群众,村级,1
可以,所有人,1
所有人,投票,1
几个,所有人,1
所有人,领导,1
反对,所有人,1
所有人,没用,1
依靠群众,所有人,1
可以,投票,1
几个,可以,1
反对,可以,1
可以,没用,1
依靠群众,可以,1
几个,投票,1
投票,领导,1
反对,投票,1
投票,没用,1
依靠群众,投票,1
几个,领导,1
几个,反对,1
几个,没用,1
依靠群众,几个,1
反对,领导,1
没用,领导,1
依靠群众,领导,1
反对,没用,1
依靠群众,反对,1
依靠群众,没用,1
愚忠,那个,1
年代,愚忠,1
愚忠,无私奉献,1
哪来,愚忠,1
今天,愚忠,1
太平盛世,愚忠,1
无私奉献,那个,1
哪来,那个,1
今天,那个,1
太平盛世,那个,1
年代,无私奉献,1
哪来,年代,1
今天,年代,1
太平盛世,年代,1
哪来,无私奉献,1
今天,无私奉献,1
太平盛世,无私奉献,1
今天,哪来,1
哪来,太平盛世,1
今天,太平盛世,1
一年,还是,1
一年,成熟,1
一年,女孩,1
一年,懂事,1
一年,魅力,1
一年,直接,1
一年,回家吧,1
成熟,还是,1
女孩,还是,1
懂事,还是,1
还是,魅力,1
直接,还是,1
回家吧,还是,1
女孩,成熟,1
懂事,成熟,1
成熟,魅力,1
成熟,直接,1
回家吧,成熟,1
女孩,懂事,1
女孩,魅力,1
女孩,直接,1
回家吧,女孩,1
懂事,魅力,1
懂事,直接,1
回家吧,懂事,1
直接,魅力,1
回家吧,魅力,1
回家吧,直接,1
大江大河,部曲,1
原著,大江大河,1
不要,大江大河,1
听说,大江大河,1
大江大河,很快,1
原著,部曲,1
不要,部曲,1
听说,部曲,1
很快,部曲,1
不要,原著,1
原著,听说,1
原著,很快,1
不要,听说,1
不要,很快,1
听说,很快,1
会员,意思,1
不能,意思,1
大江,意思,1
工人,意思,1
不能,会员,1
会员,大江,1
会员,工人,1
不能,大江,1
不能,工人,1
别人,大饼,1
大饼,接受,1
大饼,必然,1
大饼,这个,1
大饼,曾经,1
大饼,带领,1
他们,大饼,1
大饼,得到,1
别人,接受,1
别人,必然,1
别人,这个,1
别人,曾经,1
别人,带领,1
他们,别人,1
别人,得到,1
必然,接受,1
接受,这个,1
接受,曾经,1
带领,接受,1
他们,接受,1
得到,接受,1
必然,这个,1
必然,曾经,1
带领,必然,1
他们,必然,1
得到,必然,1
曾经,这个,1
带领,这个,1
他们,这个,1
得到,这个,1
带领,曾经,1
他们,曾经,1
得到,曾经,1
他们,带领,1
带领,得到,1
他们,得到,1
家庭,男人,1
支撑,男人,1
男人,看韦,1
嫂子,男人,1
前面,男人,1
东宝,男人,1
回来,男人,1
一样,男人,1
家庭,支撑,1
家庭,看韦,1
嫂子,家庭,1
前面,家庭,1
东宝,家庭,1
回来,家庭,1
一样,家庭,1
支撑,看韦,1
嫂子,支撑,1
前面,支撑,1
东宝,支撑,1
回来,支撑,1
一样,支撑,1
嫂子,看韦,1
前面,看韦,1
东宝,看韦,1
回来,看韦,1
一样,看韦,1
前面,嫂子,1
东宝,嫂子,1
回来,嫂子,1
一样,嫂子,1
前面,回来,1
一样,回来,1
看萍,肯定,1
结果,肯定,1
肯定,这媳妃,1
儿来,肯定,1
老叔,肯定,1
肯定,顺带,1
肯定,背锅,1
看萍,结果,1
看萍,这媳妃,1
儿来,看萍,1
看萍,老叔,1
看萍,顺带,1
看萍,背锅,1
结果,这媳妃,1
儿来,结果,1
结果,老叔,1
结果,顺带,1
结果,背锅,1
儿来,这媳妃,1
老叔,这媳妃,1
这媳妃,顺带,1
背锅,这媳妃,1
儿来,老叔,1
儿来,顺带,1
儿来,背锅,1
老叔,顺带,1
老叔,背锅,1
背锅,顺带,1
怎么,这个,1
我家,这个,1
这个,附近,1
化工厂,这个,1
一模一样,这个,1
水沟,这个,1
怎么,我家,1
怎么,附近,1
化工厂,怎么,1
一模一样,怎么,1
怎么,水沟,1
一样,怎么,1
我家,附近,1
化工厂,我家,1
一模一样,我家,1
我家,水沟,1
一样,我家,1
化工厂,附近,1
一模一样,附近,1
水沟,附近,1
一样,附近,1
一模一样,化工厂,1
化工厂,水沟,1
一样,化工厂,1
一模一样,水沟,1
一样,一模一样,1
一样,水沟,1
样子,知道,1
知道,编剧,1
出来,知道,1
知道,聊哈,1
样子,还有,1
结局,还有,1
编剧,还有,1
聊哈,还有,1
样子,第三部,1
第三部,聊哈,1
样子,结局,1
样子,编剧,1
出来,样子,1
样子,聊哈,1
结局,编剧,1
出来,结局,1
结局,聊哈,1
出来,编剧,1
编剧,聊哈,1
出来,聊哈,1
心里,留在,1
必要,留在,1
留在,老是,1
活着,留在,1
留在,还是,1
向前,留在,1
心里,必要,1
心里,老是,1
心里,活着,1
向前,心里,1
必要,老是,1
必要,活着,1
必要,还是,1
向前,必要,1
活着,老是,1
老是,还是,1
向前,老是,1
活着,还是,1
向前,活着,1
向前,还是,1
亲爱,追剧,1
亲爱,再见,1
亲爱,时候,1
亲爱,感谢,1
亲爱,同行,1
亲爱,厉害,1
亲爱,工人,1
再见,追剧,1
时候,追剧,1
感谢,追剧,1
同行,追剧,1
厉害,追剧,1
工人,追剧,1
再见,时候,1
再见,同行,1
再见,厉害,1
感谢,时候,1
同行,时候,1
厉害,时候,1
工人,时候,1
同行,感谢,1
厉害,感谢,1
厉害,同行,1
同行,工人,1
东宝,之前,1
东宝,汗流,1
不止,东宝,1
一身正气,东宝,1
媳妇,进去,1
之前,进去,1
汗流,进去,1
不止,进去,1
一身正气,进去,1
之前,媳妇,1
媳妇,汗流,1
不止,媳妇,1
一身正气,媳妇,1
之前,汗流,1
不止,之前,1
之前,现在,1
一身正气,之前,1
不止,汗流,1
汗流,现在,1
一身正气,汗流,1
不止,现在,1
一身正气,不止,1
一身正气,现在,1
人面桃花,相映红,1
人面,人面桃花,1
不知,人面桃花,1
人面桃花,何处,1
人面桃花,桃花,1
人面桃花,依旧,1
人面桃花,春风,1
人面,相映红,1
不知,相映红,1
何处,相映红,1
桃花,相映红,1
依旧,相映红,1
春风,相映红,1
不知,人面,1
人面,何处,1
人面,桃花,1
人面,依旧,1
人面,春风,1
不知,何处,1
不知,桃花,1
不知,依旧,1
不知,春风,1
何处,桃花,1
何处,依旧,1
何处,春风,1
依旧,桃花,1
春风,桃花,1
依旧,春风,1
拿捏,节奏,1
看来,节奏,1
节奏,还要,1
几年,节奏,1
大江,节奏,1
白眼,节奏,1
拿捏,看来,1
拿捏,还要,1
几年,拿捏,1
大江,拿捏,1
拿捏,白眼,1
看来,还要,1
几年,看来,1
大江,看来,1
白眼,看来,1
几年,还要,1
大江,还要,1
白眼,还要,1
几年,大江,1
几年,白眼,1
几年,这样,1
几年,简直,1
几年,厉害,1
几年,现在,1
几个,几年,1
几年,这个,1
村里,这样,1
村里,简直,1
厉害,村里,1
几个,村里,1
村里,这个,1
简直,这样,1
厉害,这样,1
几个,这样,1
这个,这样,1
厉害,简直,1
现在,简直,1
几个,简直,1
简直,这个,1
厉害,现在,1
几个,厉害,1
厉害,这个,1
几个,现在,1
中国,经济,1
中国,要是,1
中国,这种,1
中国,领导,1
中国,迅速,1
经济,要是,1
经济,这种,1
经济,领导,1
经济,迅速,1
一如既往,运转,1
一如既往,可是,1
一如既往,一手,1
一如既往,建起,1
一如既往,宋运辉,1
可是,运转,1
一手,运转,1
建起,运转,1
宋运辉,运转,1
一手,可是,1
可是,建起,1
可是,宋运辉,1
一手,建起,1
一手,宋运辉,1
宋运辉,建起,1
不然,希望,1
剧情,希望,1
不然,第三部,1
第三部,这些,1
出来,可以,1
不然,可以,1
可以,这些,1
剧情,可以,1
不然,出来,1
出来,这些,1
出来,剧情,1
不然,这些,1
不然,剧情,1
剧情,这些,1
这部,需要,1
就是,这部,1
改革开放,这部,1
发展,这部,1
过程,这部,1
结局,需要,1
就是,需要,1
改革开放,需要,1
发展,需要,1
过程,需要,1
改革开放,结局,1
结局,过程,1
就是,改革开放,1
就是,过程,1
发展,改革开放,1
改革开放,过程,1
发展,过程,1
家国,开颜,1
天下,开颜,1
娘家,开颜,1
小家,开颜,1
宋运辉,家国,1
天下,宋运辉,1
娘家,宋运辉,1
宋运辉,小家,1
天下,家国,1
家国,知道,1
娘家,家国,1
家国,小家,1
天下,知道,1
天下,娘家,1
天下,小家,1
娘家,知道,1
小家,知道,1
娘家,小家,1
第三部,这是,1
宋运辉,这是,1
不能,这是,1
杨巡,这是,1
杨巡,第三部,1
不能,宋运辉,1
不能,东宝,1
不能,杨巡,1
电视,这种,1
拍个,这种,1
七八十,这种,1
对不起,这种,1
我们,这种,1
两年,这种,1
拍个,电视,1
七八十,电视,1
对不起,电视,1
我们,电视,1
两年,电视,1
七八十,拍个,1
对不起,拍个,1
我们,拍个,1
两年,拍个,1
七八十,对不起,1
七八十,我们,1
七八十,两年,1
对不起,我们,1
两年,对不起,1
电视剧,那些,1
电视剧,都市,1
怎么,电视剧,1
那些,都市,1
怎么,那些,1
出来,那些,1
怎么,都市,1
出来,都市,1
出来,怎么,1
别着急,遇到,1
别着急,才能,1
别着急,杀死,1
别着急,摇篮,1
别着急,里别,1
别着急,威胁,1
才能,遇到,1
杀死,遇到,1
摇篮,遇到,1
遇到,里别,1
威胁,遇到,1
才能,杀死,1
才能,摇篮,1
才能,里别,1
威胁,才能,1
摇篮,杀死,1
杀死,里别,1
威胁,杀死,1
摇篮,里别,1
威胁,摇篮,1
威胁,里别,1
全国,可以,1
人民,可以,1
付出,可以,1
可以,少数,1
人活,可以,1
可以,大部分,1
利益,可以,1
人民,全国,1
付出,全国,1
全国,少数,1
人活,全国,1
全国,大部分,1
全国,利益,1
人民,付出,1
人民,少数,1
人民,人活,1
人民,大部分,1
人民,利益,1
付出,少数,1
人活,付出,1
付出,大部分,1
付出,利益,1
人活,少数,1
大部分,少数,1
利益,少数,1
人活,大部分,1
人活,利益,1
利益,大部分,1
第三部,舍不得,1
什么,舍不得,1
时候,舍不得,1
绝度,舍不得,1
国产,舍不得,1
舍不得,良心,1
优质,舍不得,1
第三部,绝度,1
国产,第三部,1
第三部,良心,1
优质,第三部,1
什么,绝度,1
什么,国产,1
什么,良心,1
什么,优质,1
时候,绝度,1
国产,时候,1
时候,良心,1
优质,时候,1
国产,绝度,1
绝度,良心,1
优质,绝度,1
国产,良心,1
优质,国产,1
优质,良心,1
一心,宋运辉,1
宋运辉,考虑,1
宋运辉,最后,1
三条,主线,1
三条,不了,1
三条,中国,1
三条,漂亮,1
三条,演不,1
三条,出来,1
三条,没用,1
主线,代表,1
不了,主线,1
中国,主线,1
主线,漂亮,1
主线,演不,1
主线,出来,1
主线,没用,1
不了,代表,1
代表,漂亮,1
代表,演不,1
代表,出来,1
代表,没用,1
不了,漂亮,1
不了,演不,1
不了,出来,1
不了,没用,1
中国,漂亮,1
中国,演不,1
中国,没用,1
漂亮,演不,1
出来,漂亮,1
没用,漂亮,1
出来,演不,1
没用,演不,1
出来,没用,1
演员,采访,1
姐弟,采访,1
起来,采访,1
小辉,采访,1
一把手,采访,1
姐弟,演员,1
演员,起来,1
小辉,演员,1
一把手,演员,1
姐弟,起来,1
姐弟,小辉,1
一把手,姐弟,1
一把手,起来,1
一把手,小辉,1
公平,宋运辉,1
合资,宋运辉,1
宋运辉,小辉拉来,1
可好,宋运辉,1
你们,宋运辉,1
宋运辉,整成,1
啥样,宋运辉,1
公平,合资,1
公平,小辉拉来,1
公平,可好,1
你们,公平,1
公平,整成,1
公平,啥样,1
合资,小辉拉来,1
可好,合资,1
你们,合资,1
合资,整成,1
合资,啥样,1
可好,小辉拉来,1
你们,小辉拉来,1
小辉拉来,整成,1
啥样,小辉拉来,1
你们,可好,1
可好,整成,1
可好,啥样,1
你们,整成,1
你们,啥样,1
啥样,整成,1
内心,小猫,1
小猫,还是,1
善良,小猫,1
小猫,起来,1
内心,还是,1
内心,善良,1
内心,成长,1
内心,起来,1
内心,复婚,1
善良,还是,1
成长,还是,1
起来,还是,1
复婚,还是,1
善良,成长,1
善良,起来,1
善良,复婚,1
成长,起来,1
复婚,起来,1
公平,摘桃,1
公平,宋对梁,1
公平,的话,1
公平,表达,1
主旨,公平,1
宋对梁,摘桃,1
摘桃,的话,1
摘桃,表达,1
主旨,摘桃,1
宋对梁,的话,1
宋对梁,表达,1
主旨,宋对梁,1
的话,表达,1
主旨,的话,1
主旨,表达,1
同学,曾茗小茗,1
曾茗小茗,期待,1
曾茗小茗,第三部,1
到来,曾茗小茗,1
曾茗小茗,超越,1
无羡,曾茗小茗,1
曾茗小茗,螃蟹,1
喜欢,曾茗小茗,1
同学,期待,1
同学,第三部,1
到来,同学,1
同学,超越,1
同学,无羡,1
同学,螃蟹,1
同学,喜欢,1
到来,期待,1
期待,超越,1
无羡,期待,1
期待,螃蟹,1
喜欢,期待,1
到来,第三部,1
第三部,超越,1
无羡,第三部,1
第三部,螃蟹,1
到来,超越,1
到来,无羡,1
到来,螃蟹,1
到来,喜欢,1
无羡,超越,1
螃蟹,超越,1
喜欢,超越,1
无羡,螃蟹,1
喜欢,无羡,1
喜欢,螃蟹,1
三个,主人公,1
三个,原型,1
三个,我们,1
三个,之间,1
三个,知道,1
三个,因为,1
三个,其中,1
主人公,原型,1
主人公,我们,1
主人公,之间,1
主人公,知道,1
主人公,因为,1
主人公,其中,1
原型,我们,1
之间,原型,1
原型,知道,1
原型,因为,1
其中,原型,1
之间,我们,1
我们,知道,1
因为,我们,1
其中,我们,1
之间,知道,1
之间,因为,1
之间,其中,1
因为,知道,1
其中,知道,1
其中,因为,1
不是,炼化,1
不是,所谓,1
不是,东海,1
不是,就是,1
宁波,炼化,1
宁波,所谓,1
宁波,就是,1
就是说,美化,1
一个,美化,1
技术,美化,1
美化,老水,1
手段,美化,1
原著,就是说,1
一个,原著,1
原著,技术,1
原著,老水,1
原著,手段,1
一个,就是说,1
就是说,技术,1
就是说,老水,1
就是说,手段,1
一个,技术,1
一个,老水,1
一个,手段,1
技术,老水,1
手段,技术,1
手段,老水,1
是从,穿越,1
回来,是从,1
已经,是从,1
大江大河,是从,1
是从,第五部,1
回来,穿越,1
已经,穿越,1
大江大河,穿越,1
穿越,第五部,1
回来,已经,1
回来,大江大河,1
回来,第五部,1
已经,第五部,1
大江大河,第五部,1
只是,时候,1
只是,奋斗,1
奋斗,时候,1
一部分,时候,1
一部分,奋斗,1
剧分,这部,1
上下,这部,1
两部,这部,1
前面,这部,1
上部,这部,1
下部,这部,1
还有,这部,1
完整,这部,1
上下,剧分,1
两部,剧分,1
前面,剧分,1
上部,剧分,1
下部,剧分,1
剧分,还有,1
剧分,完整,1
上下,两部,1
上下,前面,1
上下,上部,1
上下,下部,1
上下,还有,1
上下,完整,1
两部,前面,1
上部,两部,1
下部,两部,1
两部,还有,1
两部,完整,1
上部,前面,1
下部,前面,1
前面,还有,1
前面,完整,1
上部,下部,1
上部,还有,1
上部,完整,1
下部,还有,1
下部,完整,1
完整,还有,1
大家,灰心,1
今晚,大家,1
大家,我和凯,1
吃饭,大家,1
大家,时候,1
大家,第三部,1
大家,必须,1
大家,播出,1
今晚,灰心,1
我和凯,灰心,1
吃饭,灰心,1
时候,灰心,1
灰心,第三部,1
必须,灰心,1
一年,灰心,1
播出,灰心,1
今晚,我和凯,1
今晚,吃饭,1
今晚,时候,1
今晚,第三部,1
今晚,必须,1
一年,今晚,1
今晚,播出,1
吃饭,我和凯,1
我和凯,时候,1
我和凯,第三部,1
必须,我和凯,1
一年,我和凯,1
我和凯,播出,1
吃饭,时候,1
吃饭,第三部,1
吃饭,必须,1
一年,吃饭,1
吃饭,播出,1
必须,时候,1
一年,时候,1
播出,时候,1
一年,第三部,1
播出,第三部,1
一年,必须,1
必须,播出,1
一年,播出,1
宋能,巡成,1
宋能,最好,1
宋能,朋友,1
只要,宋能,1
宋能,小猫,1
宋能,成长,1
他们,宋能,1
复婚,宋能,1
巡成,最好,1
巡成,朋友,1
只要,巡成,1
小猫,巡成,1
巡成,成长,1
他们,巡成,1
复婚,巡成,1
最好,朋友,1
只要,最好,1
小猫,最好,1
成长,最好,1
他们,最好,1
复婚,最好,1
只要,朋友,1
小猫,朋友,1
成长,朋友,1
他们,朋友,1
复婚,朋友,1
只要,小猫,1
只要,成长,1
他们,只要,1
只要,复婚,1
他们,小猫,1
他们,成长,1
他们,复婚,1
开颜,成长,1
坚强,开颜,1
复婚,开颜,1
完整,开颜,1
坚强,成长,1
孩子,成长,1
一个,成长,1
完整,成长,1
坚强,宋运辉,1
坚强,复婚,1
坚强,孩子,1
一个,坚强,1
坚强,完整,1
孩子,宋运辉,1
宋运辉,完整,1
复婚,孩子,1
一个,复婚,1
复婚,完整,1
一个,孩子,1
孩子,完整,1
一个,完整,1
小说,这部,1
可是,这部,1
五个一工程,这部,1
获奖作品,这部,1
最起码,这部,1
四部,这部,1
可是,小说,1
五个一工程,小说,1
小说,获奖作品,1
小说,最起码,1
五个一工程,可是,1
可是,获奖作品,1
可是,最起码,1
可是,四部,1
五个一工程,获奖作品,1
五个一工程,最起码,1
五个一工程,四部,1
最起码,获奖作品,1
四部,获奖作品,1
四部,最起码,1
就是,结尾,1
就是,真对不起,1
就是,观众,1
实事,就是,1
真对不起,结尾,1
结尾,观众,1
实事,结尾,1
真对不起,观众,1
实事,真对不起,1
实事,观众,1
暂时,蛰伏,1
暂时,更好,1
修炼,暂时,1
完善,暂时,1
暂时,自我,1
暂时,梦想,1
更好,蛰伏,1
修炼,蛰伏,1
完善,蛰伏,1
自我,蛰伏,1
梦想,蛰伏,1
修炼,更好,1
完善,更好,1
更好,自我,1
更好,梦想,1
修炼,完善,1
修炼,自我,1
修炼,梦想,1
完善,自我,1
完善,梦想,1
梦想,自我,1
一次性,干嘛,1
一个,干嘛,1
干嘛,意外,1
干嘛,看不到,1
干嘛,结局,1
一个,一次性,1
一次性,意外,1
一次性,看不到,1
一次性,结局,1
一个,意外,1
一个,看不到,1
意外,看不到,1
意外,结局,1
看不到,结局,1
原著,结局,1
原著,巡大,1
原著,老板,1
东宝,原著,1
原著,瘫痪,1
原著,小辉,1
原著,经商,1
原著,大寻过,1
原著,普通,1
原著,生活,1
巡大,结局,1
结局,老板,1
东宝,结局,1
瘫痪,结局,1
小辉,结局,1
经商,结局,1
大寻过,结局,1
普通,结局,1
生活,结局,1
巡大,老板,1
东宝,巡大,1
巡大,瘫痪,1
小辉,巡大,1
巡大,经商,1
大寻过,巡大,1
巡大,普通,1
巡大,生活,1
东宝,老板,1
瘫痪,老板,1
小辉,老板,1
经商,老板,1
大寻过,老板,1
普通,老板,1
生活,老板,1
东宝,瘫痪,1
东宝,经商,1
东宝,大寻过,1
东宝,普通,1
东宝,生活,1
小辉,瘫痪,1
瘫痪,经商,1
大寻过,瘫痪,1
普通,瘫痪,1
生活,瘫痪,1
小辉,经商,1
大寻过,小辉,1
小辉,普通,1
小辉,生活,1
大寻过,经商,1
普通,经商,1
生活,经商,1
大寻过,普通,1
大寻过,生活,1
普通,生活,1
第三部,这才,1
几年,第三部,1
五十岁,第三部,1
第三部,跟上,1
几年,这才,1
五十岁,这才,1
跟上,这才,1
五十岁,几年,1
几年,跟上,1
五十岁,跟上,1
内奸,已除,1
内奸,财务,1
内奸,老大,1
内奸,出现,1
内奸,回想,1
内奸,这个,1
人物,内奸,1
内奸,开始,1
内奸,设定,1
已除,财务,1
已除,老大,1
出现,已除,1
回想,已除,1
已除,这个,1
人物,已除,1
已除,开始,1
已除,设定,1
老大,财务,1
出现,财务,1
回想,财务,1
财务,这个,1
人物,财务,1
开始,财务,1
设定,财务,1
出现,老大,1
回想,老大,1
老大,这个,1
人物,老大,1
开始,老大,1
老大,设定,1
出现,回想,1
出现,这个,1
人物,出现,1
出现,设定,1
回想,这个,1
人物,回想,1
回想,开始,1
回想,设定,1
开始,这个,1
设定,这个,1
人物,开始,1
人物,设定,1
开始,设定,1
演唱者,这歌,1
许鹤缤唱,这歌,1
夏洛特,这歌,1
烦恼,这歌,1
这歌,里面,1
插曲,这歌,1
演唱者,许鹤缤唱,1
夏洛特,演唱者,1
演唱者,烦恼,1
演唱者,里面,1
插曲,演唱者,1
夏洛特,许鹤缤唱,1
烦恼,许鹤缤唱,1
许鹤缤唱,里面,1
插曲,许鹤缤唱,1
夏洛特,烦恼,1
夏洛特,里面,1
夏洛特,插曲,1
烦恼,里面,1
插曲,烦恼,1
插曲,里面,1
一心,运辉,1
悲哀,运辉,1
就是,运辉,1
现在,运辉,1
世道,运辉,1
卸磨杀驴,运辉,1
一心,悲哀,1
一心,就是,1
一心,现在,1
一心,世道,1
一心,卸磨杀驴,1
就是,悲哀,1
悲哀,现在,1
世道,悲哀,1
卸磨杀驴,悲哀,1
就是,现在,1
世道,就是,1
卸磨杀驴,就是,1
世道,现在,1
卸磨杀驴,现在,1
世道,卸磨杀驴,1
应该,演了,1
因为,应该,1
应该,改革,1
应该,建厂,1
应该,这些,1
剧组,应该,1
多钱,应该,1
不会,演了,1
不会,改革,1
不会,建厂,1
不会,剧组,1
不会,这么,1
不会,多钱,1
因为,演了,1
改革,演了,1
建厂,演了,1
演了,这些,1
剧组,演了,1
演了,这么,1
多钱,演了,1
因为,改革,1
因为,建厂,1
剧组,因为,1
因为,这么,1
因为,多钱,1
建厂,改革,1
改革,这些,1
剧组,改革,1
改革,这么,1
多钱,改革,1
建厂,这些,1
剧组,建厂,1
建厂,这么,1
多钱,建厂,1
剧组,这些,1
这么,这些,1
多钱,这些,1
剧组,这么,1
剧组,多钱,1
多钱,这么,1
两年,后见,1
两年,那会,1
两年,大学毕业,1
两年,顺利,1
两年,找到,1
两年,工作,1
两年,还有,1
两年,爱人,1
后见,希望,1
后见,那会,1
后见,我们,1
后见,大学毕业,1
后见,顺利,1
后见,找到,1
后见,工作,1
后见,还有,1
后见,爱人,1
希望,那会,1
希望,我们,1
大学毕业,希望,1
希望,顺利,1
希望,还有,1
希望,爱人,1
我们,那会,1
大学毕业,那会,1
那会,顺利,1
找到,那会,1
工作,那会,1
还有,那会,1
爱人,那会,1
大学毕业,我们,1
我们,顺利,1
我们,找到,1
工作,我们,1
我们,还有,1
我们,爱人,1
大学毕业,顺利,1
大学毕业,找到,1
大学毕业,工作,1
大学毕业,还有,1
大学毕业,爱人,1
找到,顺利,1
工作,顺利,1
还有,顺利,1
爱人,顺利,1
找到,还有,1
找到,爱人,1
工作,还有,1
工作,爱人,1
爱人,还有,1
东海,小说,1
小说,洛达,1
小说,没有,1
小说,达成,1
合资,小说,1
小说,这里,1
圆满,小说,1
东海,没有,1
东海,达成,1
东海,合资,1
东海,这里,1
东海,圆满,1
没有,洛达,1
洛达,达成,1
合资,洛达,1
洛达,这里,1
圆满,洛达,1
没有,达成,1
没有,这里,1
圆满,没有,1
合资,达成,1
达成,这里,1
圆满,达成,1
合资,这里,1
合资,圆满,1
圆满,这里,1
即使,第三部,1
不会,即使,1
即使,复婚,1
不能,即使,1
共同,即使,1
即使,成长,1
即使,只会,1
即使,越远,1
复婚,第三部,1
共同,第三部,1
成长,第三部,1
只会,第三部,1
第三部,越远,1
不会,复婚,1
不会,不能,1
不会,共同,1
不会,成长,1
不会,只会,1
不会,越远,1
不能,复婚,1
共同,复婚,1
只会,复婚,1
复婚,越远,1
不能,共同,1
不能,成长,1
不能,只会,1
不能,越远,1
共同,成长,1
共同,只会,1
共同,越远,1
只会,成长,1
成长,越远,1
只会,越远,1
什么,造谣,1
什么,男女关系,1
什么,影响,1
主要,什么,1
什么,确实,1
什么,存在,1
什么,违规,1
什么,谈判,1
什么,问题,1
男女关系,造谣,1
影响,造谣,1
主要,造谣,1
确实,造谣,1
存在,造谣,1
违规,造谣,1
谈判,造谣,1
造谣,问题,1
影响,男女关系,1
主要,男女关系,1
男女关系,确实,1
存在,男女关系,1
男女关系,违规,1
男女关系,谈判,1
男女关系,问题,1
主要,影响,1
影响,确实,1
影响,违规,1
影响,谈判,1
影响,问题,1
主要,确实,1
主要,存在,1
主要,违规,1
主要,谈判,1
主要,问题,1
存在,确实,1
确实,违规,1
确实,谈判,1
确实,问题,1
存在,违规,1
存在,谈判,1
存在,问题,1
谈判,违规,1
违规,问题,1
谈判,问题,1
上边,纳闷,1
纳闷,领导,1
什么,纳闷,1
纳闷,证据,1
没有,纳闷,1
情况,纳闷,1
可以,纳闷,1
免职,纳闷,1
上边,领导,1
上边,什么,1
上边,证据,1
上边,没有,1
上边,情况,1
上边,可以,1
上边,免职,1
什么,领导,1
证据,领导,1
情况,领导,1
免职,领导,1
什么,证据,1
什么,没有,1
什么,可以,1
什么,免职,1
没有,证据,1
情况,证据,1
可以,证据,1
免职,证据,1
情况,没有,1
可以,没有,1
免职,没有,1
可以,情况,1
免职,情况,1
免职,可以,1
一年,再见,1
一年,你们,1
一年,这么,1
一年,开心,1
再见,大家,1
再见,这么,1
再见,开心,1
大家,开心,1
你们,这么,1
你们,开心,1
两年,样子,1
两年,安好,1
两年,终归,1
什么,样子,1
什么,安好,1
什么,大江,1
什么,终归,1
安好,样子,1
大江,样子,1
样子,终归,1
大江,安好,1
安好,终归,1
大江,终归,1
化肥厂,第一季,1
生产,第一季,1
化肥,第一季,1
养猪,第一季,1
然后,第一季,1
加入,第一季,1
第一季,雷霆,1
公司,第一季,1
化肥厂,金州,1
生产,金州,1
化肥,金州,1
养猪,金州,1
然后,金州,1
加入,金州,1
金州,雷霆,1
公司,金州,1
化肥厂,第二季,1
生产,第二季,1
化肥,第二季,1
养猪,第二季,1
然后,第二季,1
加入,第二季,1
第二季,雷霆,1
公司,第二季,1
化肥厂,第三季,1
化肥厂,生产,1
化肥,化肥厂,1
养猪,化肥厂,1
化肥厂,然后,1
加入,化肥厂,1
化肥厂,雷霆,1
公司,化肥厂,1
生产,第三季,1
化肥,第三季,1
养猪,第三季,1
然后,第三季,1
加入,第三季,1
第三季,雷霆,1
公司,第三季,1
化肥,生产,1
养猪,生产,1
然后,生产,1
加入,生产,1
生产,雷霆,1
公司,生产,1
养猪,化肥,1
化肥,然后,1
加入,化肥,1
化肥,雷霆,1
公司,化肥,1
养猪,然后,1
养猪,加入,1
养猪,雷霆,1
公司,养猪,1
加入,然后,1
然后,雷霆,1
公司,然后,1
加入,雷霆,1
公司,加入,1
公司,雷霆,1
千万,牺牲,1
千万,进步,1
千万,没有,1
千万,英雄主义,1
牺牲,进步,1
没有,牺牲,1
牺牲,英雄主义,1
没有,进步,1
英雄主义,进步,1
没有,英雄主义,1
怎么,第二部,1
第二部,难受,1
看着,第二部,1
第二部,结局,1
怎么,难受,1
怎么,看着,1
怎么,结局,1
看着,难受,1
结局,难受,1
看着,结局,1
一个,我们,1
之后,我们,1
我们,编号,1
我们,认领,1
一个,之后,1
一个,编号,1
一个,认领,1
两年,之后,1
两年,编号,1
两年,认领,1
之后,编号,1
之后,认领,1
编号,认领,1
个人,明白,1
名誉,明白,1
明白,重要,1
东海,明白,1
明白,洛达,1
完成,明白,1
明白,签约,1
个人,重要,1
东海,个人,1
个人,洛达,1
个人,完成,1
个人,签约,1
名誉,重要,1
东海,名誉,1
名誉,洛达,1
名誉,完成,1
名誉,签约,1
东海,重要,1
洛达,重要,1
完成,重要,1
签约,重要,1
东海,签约,1
完成,洛达,1
洛达,签约,1
完成,签约,1
加油,各位朋友,1
各位朋友,遇到,1
各位朋友,喜欢,1
加油,遇到,1
喜欢,遇到,1
心有,拆开,1
拆开,林夕,1
加油,拆开,1
拆开,鸡腿,1
拆开,白眼,1
心有,林夕,1
加油,心有,1
心有,鸡腿,1
心有,白眼,1
加油,林夕,1
林夕,鸡腿,1
林夕,白眼,1
加油,鸡腿,1
白眼,鸡腿,1
改革开放,还有,1
三十年,还有,1
新面貌,还有,1
反映,还有,1
改革开放,第三部,1
三十年,第三部,1
中国,第三部,1
新面貌,第三部,1
反映,第三部,1
三十年,改革开放,1
改革开放,新面貌,1
反映,改革开放,1
出来,改革开放,1
三十年,中国,1
三十年,新面貌,1
三十年,反映,1
三十年,出来,1
中国,新面貌,1
中国,反映,1
反映,新面貌,1
出来,新面貌,1
出来,反映,1
离开,肯定,1
一部,肯定,1
充分说明,肯定,1
弊端,肯定,1
一部,离开,1
充分说明,离开,1
弊端,离开,1
一部,充分说明,1
一部,弊端,1
充分说明,弊端,1
村企,第一部,1
国企,第一部,1
私企,第一部,1
东宝,村企,1
东宝,国企,1
东宝,私企,1
村企,第二部,1
宋运辉,村企,1
国企,村企,1
村企,第三部,1
村企,私企,1
国企,第二部,1
私企,第二部,1
国企,宋运辉,1
宋运辉,私企,1
国企,第三部,1
国企,私企,1
私企,第三部,1
下部,没有,1
没有,见证,1
没有,第一,1
厂长,没有,1
大家,宋运辉,1
下部,宋运辉,1
宋运辉,见证,1
宋运辉,第一,1
厂长,宋运辉,1
下部,大家,1
大家,见证,1
大家,第一,1
厂长,大家,1
下部,见证,1
下部,第一,1
下部,厂长,1
第一,见证,1
厂长,见证,1
厂长,第一,1
上次,火车,1
上次,这次,1
上次,说不得,1
上次,来个,1
三年,上次,1
上次,巴士,1
两年,火车,1
两年,这次,1
两年,说不得,1
两年,来个,1
两年,巴士,1
火车,这次,1
火车,说不得,1
来个,火车,1
三年,火车,1
巴士,火车,1
说不得,这次,1
来个,这次,1
三年,这次,1
巴士,这次,1
来个,说不得,1
三年,说不得,1
巴士,说不得,1
三年,来个,1
巴士,来个,1
三年,巴士,1
东海,马上,1
东海,就要,1
东海,飞黄腾达,1
东海,但是,1
东海,贡献,1
东海,最大,1
就要,马上,1
飞黄腾达,马上,1
但是,马上,1
贡献,马上,1
最大,马上,1
就要,飞黄腾达,1
但是,就要,1
就要,贡献,1
就要,最大,1
但是,飞黄腾达,1
贡献,飞黄腾达,1
最大,飞黄腾达,1
但是,贡献,1
但是,最大,1
最大,贡献,1
再次,宋运辉,1
下车,宋运辉,1
一季,宋运辉,1
宋运辉,来临,1
下车,再次,1
再次,就是,1
一季,再次,1
再次,来临,1
下车,就是,1
一季,下车,1
下车,来临,1
两年,知道,1
我会,知道,1
怎样,知道,1
一定,知道,1
知道,越来越,1
两年,我会,1
两年,怎样,1
一定,两年,1
两年,越来越,1
怎样,我会,1
一定,我会,1
我会,越来越,1
一定,怎样,1
怎样,越来越,1
一定,越来越,1
县级,工厂,1
农药厂,县级,1
县级,应该,1
县级,级别,1
县级,处级,1
一把手,县级,1
县级,平调,1
农药厂,工厂,1
工厂,应该,1
工厂,级别,1
处级,工厂,1
一把手,工厂,1
工厂,平调,1
农药厂,应该,1
农药厂,级别,1
农药厂,处级,1
一把手,农药厂,1
农药厂,平调,1
应该,级别,1
处级,应该,1
一把手,应该,1
平调,应该,1
一把手,级别,1
平调,级别,1
一把手,处级,1
处级,平调,1
一把手,平调,1
再见,诸位,1
有幸,诸位,1
你们,诸位,1
诸位,追同,1
一部,诸位,1
诸位,顺利,1
快乐,诸位,1
再见,有幸,1
再见,追同,1
一部,再见,1
再见,顺利,1
再见,快乐,1
你们,有幸,1
有幸,追同,1
一部,有幸,1
有幸,顺利,1
快乐,有幸,1
你们,追同,1
一部,你们,1
你们,顺利,1
你们,快乐,1
一部,追同,1
追同,顺利,1
快乐,追同,1
一部,顺利,1
一部,快乐,1
快乐,顺利,1
感觉,老人,1
感觉,结果,1
感觉,这么,1
不堪,感觉,1
最后,老人,1
结果,老人,1
老人,这么,1
不堪,老人,1
最后,结果,1
最后,这么,1
不堪,最后,1
结果,这么,1
不堪,结果,1
不堪,这么,1
好家伙,开车,1
上次,好家伙,1
两年,好家伙,1
加油,好家伙,1
好家伙,白眼,1
上次,开车,1
两年,开车,1
加油,开车,1
开车,白眼,1
上次,加油,1
上次,白眼,1
两年,加油,1
两年,白眼,1
各位,大佬,1
各位,咱们,1
各位,第三部,1
再见,各位,1
各位,没有,1
各位,感谢,1
各位,陪伴,1
各位,工人,1
咱们,大佬,1
大佬,第三部,1
再见,大佬,1
大佬,没有,1
大佬,感谢,1
大佬,陪伴,1
大佬,大江,1
大佬,工人,1
咱们,第三部,1
再见,咱们,1
咱们,没有,1
咱们,感谢,1
咱们,陪伴,1
咱们,大江,1
咱们,工人,1
再见,第三部,1
没有,第三部,1
感谢,第三部,1
第三部,陪伴,1
工人,第三部,1
再见,没有,1
再见,陪伴,1
感谢,没有,1
没有,陪伴,1
大江,没有,1
工人,没有,1
感谢,陪伴,1
大江,陪伴,1
工人,陪伴,1
时代,洪流,1
宋运辉,时代,1
我们,时代,1
时代,生命不息,1
奋斗,时代,1
不止,时代,1
宋运辉,洪流,1
我们,洪流,1
洪流,生命不息,1
奋斗,洪流,1
不止,洪流,1
宋运辉,生命不息,1
奋斗,宋运辉,1
不止,宋运辉,1
我们,生命不息,1
奋斗,我们,1
不止,我们,1
奋斗,生命不息,1
不止,生命不息,1
不止,奋斗,1
第一部,结束,1
小车,第一部,1
两年,第一部,1
公交,第一部,1
三年,第一部,1
小车,结束,1
两年,结束,1
第二部,结束,1
公交,结束,1
三年,结束,1
两年,小车,1
小车,第二部,1
小车,第三部,1
公交,小车,1
三年,小车,1
两年,第二部,1
两年,公交,1
公交,第二部,1
三年,第二部,1
公交,第三部,1
三年,第三部,1
三年,公交,1
演员,王凯,1
演员,精彩,1
演员,演绎,1
我们,演员,1
演员,第三部,1
加油,演员,1
喜欢,演员,1
王凯,精彩,1
演绎,王凯,1
我们,王凯,1
加油,王凯,1
喜欢,王凯,1
演绎,精彩,1
我们,精彩,1
第三部,精彩,1
加油,精彩,1
喜欢,精彩,1
我们,演绎,1
演绎,第三部,1
加油,演绎,1
喜欢,演绎,1
我们,第三部,1
喜欢,我们,1
加油,第三部,1
梁思申,正午,1
梁思申,阳光,1
梁思申,董事长,1
侯鸿亮,梁思申,1
宣布,梁思申,1
大江大河,梁思申,1
剧本,梁思申,1
创作,梁思申,1
不够,导演,1
不了,导演,1
不了,不够,1
不够,十年,1
不够,老成,1
不够,宋运辉,1
不了,十年,1
不了,老成,1
不了,宋运辉,1
后面,懒得,1
后面,第三部,1
可以,后面,1
先去,后面,1
后面,小说,1
后面,大江东去,1
懒得,第三部,1
可以,懒得,1
先去,懒得,1
小说,懒得,1
大江东去,懒得,1
先去,第三部,1
大江东去,第三部,1
先去,可以,1
可以,小说,1
可以,大江东去,1
先去,小说,1
先去,大江东去,1
大江东去,小说,1
天真,岁月,1
不忍,天真,1
天真,青春,1
天真,荒唐,1
不负,天真,1
两年,天真,1
后聚,天真,1
天真,珍重,1
不忍,岁月,1
岁月,青春,1
岁月,荒唐,1
不负,岁月,1
两年,岁月,1
后聚,岁月,1
岁月,珍重,1
不忍,青春,1
不忍,荒唐,1
不忍,不负,1
不忍,两年,1
不忍,后聚,1
不忍,珍重,1
荒唐,青春,1
不负,青春,1
两年,青春,1
后聚,青春,1
珍重,青春,1
不负,荒唐,1
两年,荒唐,1
后聚,荒唐,1
珍重,荒唐,1
不负,两年,1
不负,后聚,1
不负,珍重,1
两年,后聚,1
两年,珍重,1
后聚,珍重,1
第三部,老成,1
宋运辉,老成,1
十年,老成,1
十年,第三部,1
十年,宋运辉,1
好看,电视剧,1
好看,期待,1
好看,第三部,1
好看,希望,1
不会,好看,1
两年,好看,1
好看,鲁爱班,1
期待,电视剧,1
希望,电视剧,1
两年,电视剧,1
电视剧,鲁爱班,1
希望,期待,1
不会,期待,1
两年,期待,1
期待,鲁爱班,1
第三部,鲁爱班,1
希望,鲁爱班,1
不会,两年,1
不会,鲁爱班,1
两年,鲁爱班,1
小辉用,遗憾,1
心血,遗憾,1
发展,遗憾,1
东海,遗憾,1
离开,遗憾,1
大结局,遗憾,1
小辉用,心血,1
发展,小辉用,1
东海,小辉用,1
小辉用,离开,1
大结局,小辉用,1
发展,心血,1
东海,心血,1
心血,离开,1
大结局,心血,1
东海,发展,1
发展,离开,1
发展,大结局,1
东海,大结局,1
大结局,离开,1
再见,小辉,1
再见,希望,1
再见,遇上,1
再见,真正,1
再见,珍惜,1
再见,理解,1
小辉,希望,1
小辉,遇上,1
一个,小辉,1
小辉,真正,1
小辉,珍惜,1
小辉,理解,1
希望,遇上,1
一个,希望,1
希望,真正,1
希望,珍惜,1
希望,理解,1
一个,遇上,1
真正,遇上,1
珍惜,遇上,1
理解,遇上,1
一个,真正,1
一个,珍惜,1
一个,理解,1
珍惜,真正,1
理解,真正,1
珍惜,理解,1
结束,那么,1
不过,那么,1
期待,那么,1
第三部,那么,1
漫长,那么,1
等待,那么,1
不过,结束,1
期待,结束,1
漫长,结束,1
等待,结束,1
不过,期待,1
不过,第三部,1
不过,漫长,1
不过,等待,1
期待,漫长,1
期待,等待,1
漫长,第三部,1
第三部,等待,1
漫长,等待,1
出来,大江大河,1
大江大河,应该,1
大江大河,踏上,1
大江大河,工作岗位,1
第三部,踏上,1
工作岗位,第三部,1
出来,踏上,1
出来,工作岗位,1
应该,时候,1
时候,踏上,1
工作岗位,时候,1
应该,踏上,1
工作岗位,应该,1
工作岗位,踏上,1
因为,精彩,1
你们,精彩,1
第一次,精彩,1
精彩,结尾曲,1
你们,因为,1
因为,弹幕,1
因为,第一次,1
因为,结尾曲,1
你们,弹幕,1
你们,第一次,1
你们,结尾曲,1
弹幕,结尾曲,1
第一次,结尾曲,1
时候,第三季,1
未嫁,第三季,1
未娶,第三季,1
时候,未嫁,1
时候,未娶,1
未娶,未嫁,1
大江,结局,1
大江,太快,1
一些,大江,1
大江,问题,1
大江,干部,1
处理,大江,1
加油,结局,1
加油,太快,1
一些,加油,1
加油,问题,1
加油,干部,1
加油,处理,1
太快,结局,1
一些,结局,1
结局,问题,1
干部,结局,1
处理,结局,1
一些,太快,1
太快,问题,1
太快,干部,1
处理,太快,1
一些,问题,1
一些,干部,1
一些,处理,1
干部,问题,1
处理,问题,1
处理,干部,1
一枪,宋运辉,1
宋运辉,搞起,1
一枪,就是,1
就是,搞起,1
一枪,搞起,1
一个,搞起,1
一个,怎么,1
一个,直接,1
一个,位置,1
一个,必须,1
一个,下放,1
一个,历练,1
一个,工作,1
怎么,直接,1
位置,怎么,1
必须,怎么,1
下放,怎么,1
历练,怎么,1
工作,怎么,1
位置,直接,1
必须,直接,1
下放,直接,1
历练,直接,1
工作,直接,1
位置,必须,1
下放,位置,1
位置,历练,1
位置,工作,1
下放,必须,1
历练,必须,1
工作,必须,1
下放,历练,1
下放,工作,1
历练,工作,1
一个,第三步,1
第三步,角色,1
我能,第三步,1
淋漓尽致,第三步,1
东宝,第三步,1
第三步,路上,1
偶遇,第三步,1
一个,角色,1
一个,我能,1
一个,淋漓尽致,1
一个,路上,1
一个,偶遇,1
我能,角色,1
淋漓尽致,角色,1
角色,路上,1
偶遇,角色,1
我能,淋漓尽致,1
东宝,我能,1
我能,路上,1
偶遇,我能,1
东宝,淋漓尽致,1
淋漓尽致,路上,1
偶遇,淋漓尽致,1
东宝,路上,1
东宝,偶遇,1
偶遇,路上,1
一个,缩影,1
一个,这代人,1
时代,缩影,1
时代,这代人,1
时代,理想,1
付出,时代,1
缩影,这代人,1
理想,缩影,1
付出,缩影,1
最好,缩影,1
结局,缩影,1
理想,这代人,1
付出,这代人,1
最好,这代人,1
结局,这代人,1
最好,理想,1
理想,结局,1
付出,最好,1
付出,结局,1
最好,结局,1
两年,再见,1
两年,格局,1
两年,心里,1
两年,家乡,1
两年,国家,1
世界,两年,1
再见,格局,1
再见,心里,1
什么,再见,1
再见,自己,1
再见,家乡,1
再见,国家,1
再见,还是,1
世界,再见,1
一个,格局,1
一个,心里,1
一个,家乡,1
心里,格局,1
什么,格局,1
格局,自己,1
家乡,格局,1
国家,格局,1
格局,还是,1
世界,格局,1
什么,心里,1
心里,自己,1
家乡,心里,1
国家,心里,1
世界,心里,1
什么,自己,1
什么,家乡,1
什么,还是,1
世界,什么,1
家乡,自己,1
国家,自己,1
世界,自己,1
国家,家乡,1
家乡,还是,1
世界,家乡,1
国家,还是,1
世界,还是,1
大学,第一部,1
出来,第一部,1
可能,第一部,1
已经,第一部,1
大学,时候,1
大学,第三部,1
出来,大学,1
可能,大学,1
大学,已经,1
可能,第三部,1
已经,第三部,1
出来,可能,1
出来,已经,1
可能,已经,1
口碑,那么,1
口碑,当然,1
一季,口碑,1
口碑,毕竟,1
口碑,过不去,1
当然,那么,1
一季,那么,1
毕竟,那么,1
过不去,那么,1
一季,当然,1
当然,毕竟,1
当然,过不去,1
一季,毕竟,1
一季,过不去,1
毕竟,过不去,1
各位,后建愿,1
各位,自己,1
各位,有所,1
各位,进步,1
后建愿,现在,1
后建愿,自己,1
后建愿,有所,1
后建愿,进步,1
有所,现在,1
现在,进步,1
有所,自己,1
自己,进步,1
有所,进步,1
故事,结局,1
如愿,故事,1
但是,故事,1
故事,时代,1
故事,进步,1
故事,缩小,1
前进,故事,1
故事,步伐,1
如愿,结局,1
但是,结局,1
结局,进步,1
结局,缩小,1
前进,结局,1
步伐,结局,1
但是,如愿,1
如愿,时代,1
如愿,进步,1
如愿,缩小,1
前进,如愿,1
如愿,步伐,1
但是,时代,1
但是,进步,1
但是,缩小,1
但是,前进,1
但是,步伐,1
时代,进步,1
时代,缩小,1
前进,时代,1
时代,步伐,1
缩小,进步,1
前进,进步,1
步伐,进步,1
前进,缩小,1
步伐,缩小,1
前进,步伐,1
做官,最后,1
大官,最后,1
我们,最后,1
大江大河,希望,1
希望,自己,1
希望,毕业,1
希望,并且,1
一份,希望,1
大江大河,自己,1
大江大河,毕业,1
大江大河,并且,1
大江大河,找到,1
一份,大江大河,1
大江大河,工作,1
时候,自己,1
时候,毕业,1
并且,时候,1
找到,时候,1
一份,时候,1
已经,自己,1
毕业,自己,1
并且,自己,1
找到,自己,1
一份,自己,1
工作,自己,1
已经,毕业,1
已经,并且,1
已经,找到,1
一份,已经,1
并且,毕业,1
找到,毕业,1
一份,毕业,1
工作,毕业,1
并且,找到,1
一份,并且,1
工作,并且,1
一份,找到,1
一份,工作,1
留着,结尾,1
如果说,结尾,1
期待,结尾,1
如果说,留着,1
期待,留着,1
如果说,期待,1
据说,过去,1
据说,时代,1
据说,潮流,1
不停,据说,1
奔涌,据说,1
据说,永无,1
据说,结局,1
潮流,过去,1
不停,过去,1
奔涌,过去,1
永无,过去,1
结局,过去,1
时代,潮流,1
不停,时代,1
奔涌,时代,1
时代,永无,1
不停,潮流,1
奔涌,潮流,1
永无,潮流,1
潮流,结局,1
不停,奔涌,1
不停,永无,1
不停,结局,1
奔涌,永无,1
奔涌,结局,1
永无,结局,1
剪辑,电视剧,1
有些,电视剧,1
人物,电视剧,1
电视剧,结尾,1
名单,电视剧,1
但是,电视剧,1
播出来,电视剧,1
剪辑,有些,1
人物,剪辑,1
剪辑,结尾,1
剪辑,名单,1
但是,剪辑,1
剪辑,播出来,1
人物,有些,1
有些,结尾,1
名单,有些,1
但是,有些,1
播出来,有些,1
人物,结尾,1
人物,名单,1
人物,但是,1
人物,播出来,1
名单,结尾,1
但是,结尾,1
播出来,结尾,1
但是,名单,1
名单,播出来,1
但是,播出来,1
伴随,这剧,1
多少,这剧,1
成长,这剧,1
这剧,陌生人,1
希望,这剧,1
多年,这剧,1
荣归故里,这剧,1
伴随,多少,1
伴随,成长,1
伴随,陌生人,1
伴随,希望,1
伴随,多年,1
伴随,荣归故里,1
多少,成长,1
多少,陌生人,1
多少,希望,1
多少,多年,1
多少,荣归故里,1
成长,陌生人,1
希望,成长,1
多年,成长,1
成长,荣归故里,1
希望,陌生人,1
多年,陌生人,1
荣归故里,陌生人,1
多年,希望,1
希望,荣归故里,1
多年,荣归故里,1
不会,基本,1
基本,第三部,1
基本,小说,1
基本,结尾,1
基本,差不多,1
基本,无限,1
不会,结尾,1
不会,差不多,1
不会,无限,1
差不多,第三部,1
无限,第三部,1
小说,结尾,1
小说,差不多,1
小说,希望,1
小说,无限,1
差不多,结尾,1
希望,结尾,1
无限,结尾,1
差不多,希望,1
差不多,无限,1
希望,无限,1
喜欢,虽然,1
虽然,这样,1
无法,虽然,1
虽然,阻挡,1
虽然,这部,1
优秀,虽然,1
作品,虽然,1
喜欢,结局,1
喜欢,无法,1
喜欢,阻挡,1
优秀,喜欢,1
作品,喜欢,1
无法,这样,1
这样,阻挡,1
这样,这部,1
优秀,这样,1
作品,这样,1
无法,结局,1
结局,阻挡,1
优秀,结局,1
作品,结局,1
无法,阻挡,1
无法,这部,1
优秀,无法,1
作品,无法,1
这部,阻挡,1
优秀,阻挡,1
作品,阻挡,1
优秀,这部,1
优秀,作品,1
因为,希望,1
希望,演员,1
原因,希望,1
为数不多,希望,1
优秀作品,希望,1
希望,搁浅,1
不会,演员,1
不会,原因,1
不会,为数不多,1
不会,优秀作品,1
不会,搁浅,1
因为,演员,1
原因,因为,1
为数不多,因为,1
优秀作品,因为,1
因为,搁浅,1
原因,演员,1
演员,这些,1
为数不多,演员,1
优秀作品,演员,1
搁浅,演员,1
原因,这些,1
为数不多,原因,1
优秀作品,原因,1
原因,搁浅,1
为数不多,这些,1
优秀作品,这些,1
搁浅,这些,1
为数不多,优秀作品,1
为数不多,搁浅,1
优秀作品,搁浅,1
老徐,解释,1
牵强,老徐,1
老徐,这样,1
对待,老徐,1
一个,老徐,1
努为,老徐,1
向前,老徐,1
公正无私,老徐,1
公平,老徐,1
牵强,解释,1
解释,这样,1
对待,解释,1
一个,解释,1
努为,解释,1
向前,解释,1
公正无私,解释,1
公平,解释,1
牵强,这样,1
对待,牵强,1
一个,牵强,1
努为,牵强,1
向前,牵强,1
公正无私,牵强,1
公平,牵强,1
对待,这样,1
努为,这样,1
向前,这样,1
公正无私,这样,1
公平,这样,1
努为,对待,1
向前,对待,1
公正无私,对待,1
公平,对待,1
一个,努为,1
一个,向前,1
一个,公正无私,1
一个,公平,1
努为,向前,1
公正无私,努为,1
公平,努为,1
公正无私,向前,1
公平,向前,1
公平,公正无私,1
不为,小辉,1
个人,小辉,1
名誉,小辉,1
小辉,想要,1
中国,小辉,1
一片,小辉,1
土地,小辉,1
小辉,建设,1
不为,个人,1
不为,名誉,1
不为,想要,1
不为,中国,1
一片,不为,1
不为,土地,1
不为,建设,1
不为,起来,1
个人,想要,1
个人,中国,1
一片,个人,1
个人,土地,1
个人,建设,1
个人,起来,1
名誉,想要,1
中国,名誉,1
一片,名誉,1
名誉,土地,1
名誉,建设,1
名誉,起来,1
中国,想要,1
一片,想要,1
土地,想要,1
建设,想要,1
想要,起来,1
一片,中国,1
中国,土地,1
中国,起来,1
一片,土地,1
一片,建设,1
一片,起来,1
土地,建设,1
土地,起来,1
建设,起来,1
不会,怎么,1
怎么,确定,1
怎么,第三部,1
怎么,肯定,1
怎么,改成,1
怎么,正义,1
不会,确定,1
不会,人物,1
不会,改成,1
不会,正义,1
确定,第三部,1
人物,确定,1
确定,肯定,1
改成,确定,1
正义,确定,1
人物,第三部,1
第三部,肯定,1
改成,第三部,1
正义,第三部,1
人物,肯定,1
人物,改成,1
人物,正义,1
改成,肯定,1
正义,肯定,1
改成,正义,1
你们,懂事,1
你们,这剧,1
你们,这样,1
你们,后面,1
你们,怎么,1
你们,拍下去,1
懂事,这剧,1
只能,懂事,1
懂事,这样,1
后面,懂事,1
怎么,懂事,1
懂事,拍下去,1
只能,这剧,1
这剧,这样,1
后面,这剧,1
怎么,这剧,1
拍下去,这剧,1
只能,这样,1
只能,后面,1
只能,怎么,1
只能,拍下去,1
后面,这样,1
拍下去,这样,1
后面,怎么,1
后面,拍下去,1
怎么,拍下去,1
三人,各有,1
三人,执念,1
三人,各自,1
三人,希望,1
一部,三人,1
三人,苦尽甘来,1
各有,执念,1
各有,各自,1
各有,希望,1
一部,各有,1
各有,苦尽甘来,1
各自,执念,1
希望,执念,1
一部,执念,1
执念,苦尽甘来,1
各自,希望,1
一部,各自,1
各自,苦尽甘来,1
希望,苦尽甘来,1
一部,苦尽甘来,1
匆忙,结局,1
后续,结局,1
匆忙,第三部,1
匆忙,知道,1
匆忙,后续,1
匆忙,发展,1
后续,第三部,1
发展,第三部,1
后续,知道,1
发展,后续,1
致敬,这个,1
奔腾,致敬,1
向前,致敬,1
发展,致敬,1
时代,致敬,1
再见,致敬,1
最好,致敬,1
宋运辉萝拉,致敬,1
和光同尘,致敬,1
奔腾,这个,1
向前,这个,1
发展,这个,1
再见,这个,1
最好,这个,1
宋运辉萝拉,这个,1
和光同尘,这个,1
向前,奔腾,1
发展,奔腾,1
奔腾,时代,1
再见,奔腾,1
奔腾,最好,1
奔腾,宋运辉萝拉,1
和光同尘,奔腾,1
发展,向前,1
向前,时代,1
再见,向前,1
向前,最好,1
向前,宋运辉萝拉,1
向前,和光同尘,1
发展,时代,1
再见,发展,1
发展,最好,1
发展,宋运辉萝拉,1
发展,和光同尘,1
再见,时代,1
宋运辉萝拉,时代,1
和光同尘,时代,1
再见,最好,1
再见,宋运辉萝拉,1
再见,和光同尘,1
宋运辉萝拉,最好,1
和光同尘,最好,1
和光同尘,宋运辉萝拉,1
下海,第三部,1
化工企业,第三部,1
东海,第三部,1
收购,第三部,1
下海,应该,1
化工企业,应该,1
东海,应该,1
应该,收购,1
下海,化工企业,1
下海,东海,1
下海,收购,1
东海,化工企业,1
化工企业,收购,1
东海,收购,1
不差,结局,1
毕竟,结局,1
结局,阶段性,1
结局,这个,1
结局,阶段,1
宋运辉,结局,1
下去,结局,1
不差,毕竟,1
不差,阶段性,1
不差,这个,1
不差,阶段,1
不差,宋运辉,1
下去,不差,1
毕竟,阶段性,1
毕竟,这个,1
毕竟,阶段,1
宋运辉,毕竟,1
下去,毕竟,1
这个,阶段性,1
阶段,阶段性,1
宋运辉,阶段性,1
下去,阶段性,1
这个,阶段,1
下去,这个,1
宋运辉,阶段,1
下去,阶段,1
下去,宋运辉,1
思薇,我们,1
一起,思薇,1
思薇,第一个,1
女孩,思薇,1
介绍,思薇,1
思薇,电视剧,1
一起,我们,1
我们,第一个,1
女孩,我们,1
介绍,我们,1
我们,电视剧,1
一起,第一个,1
一起,女孩,1
一起,介绍,1
一起,电视剧,1
女孩,第一个,1
介绍,第一个,1
电视剧,第一个,1
介绍,女孩,1
女孩,电视剧,1
介绍,电视剧,1
优秀,所有,1
工作人员,所有,1
带来,所有,1
所有,这么,1
优质,所有,1
所有,电视剧,1
大江,所有,1
厉害,所有,1
优秀,演员,1
优秀,工作人员,1
优秀,带来,1
优秀,这么,1
优秀,优质,1
优秀,电视剧,1
优秀,大江,1
优秀,厉害,1
工作人员,演员,1
带来,演员,1
演员,这么,1
优质,演员,1
演员,电视剧,1
厉害,演员,1
工作人员,带来,1
工作人员,这么,1
优质,工作人员,1
工作人员,电视剧,1
大江,工作人员,1
厉害,工作人员,1
带来,这么,1
优质,带来,1
带来,电视剧,1
大江,带来,1
厉害,带来,1
优质,这么,1
优质,电视剧,1
优质,大江,1
优质,厉害,1
大江,电视剧,1
厉害,电视剧,1
不是,宋运辉,1
享受,宋运辉,1
劳动成果,宋运辉,1
不是,建设,1
享受,建设,1
劳动成果,建设,1
中国,享受,1
中国,劳动成果,1
不是,享受,1
不是,劳动成果,1
享受,劳动成果,1
只有,经历,1
只有,这个,1
只有,时代,1
写出,只有,1
作品,只有,1
经历,这个,1
时代,经历,1
才能,经历,1
写出,经历,1
作品,经历,1
才能,这个,1
写出,这个,1
作品,这个,1
才能,时代,1
写出,时代,1
作品,时代,1
写出,才能,1
作品,才能,1
作品,写出,1
宋运辉,完成,1
宋运辉,步入正轨,1
宋运辉,开启,1
宋运辉,征程,1
东海,建设,1
东海,步入正轨,1
东海,开启,1
一个,东海,1
东海,征程,1
完成,建设,1
建设,步入正轨,1
建设,开启,1
一个,建设,1
建设,征程,1
完成,步入正轨,1
完成,开启,1
一个,完成,1
完成,征程,1
开启,步入正轨,1
一个,步入正轨,1
征程,步入正轨,1
一个,开启,1
开启,征程,1
一个,征程,1
巡雷,梁思申,1
共同,巡雷,1
代表,巡雷,1
巡雷,我国,1
巡雷,改开,1
以来,巡雷,1
各股,巡雷,1
巡雷,经济,1
力量,巡雷,1
利益,巡雷,1
巡雷,群体,1
东宝,共同,1
东宝,我国,1
东宝,改开,1
东宝,以来,1
东宝,各股,1
东宝,经济,1
东宝,力量,1
东宝,利益,1
东宝,群体,1
共同,宋运辉,1
代表,宋运辉,1
宋运辉,改开,1
以来,宋运辉,1
各股,宋运辉,1
力量,宋运辉,1
利益,宋运辉,1
宋运辉,群体,1
共同,梁思申,1
代表,梁思申,1
我国,梁思申,1
改开,梁思申,1
以来,梁思申,1
各股,梁思申,1
梁思申,经济,1
力量,梁思申,1
利益,梁思申,1
梁思申,群体,1
代表,共同,1
共同,我国,1
共同,改开,1
以来,共同,1
共同,各股,1
共同,经济,1
共同,力量,1
共同,利益,1
共同,群体,1
代表,我国,1
代表,改开,1
代表,以来,1
代表,各股,1
代表,经济,1
代表,力量,1
代表,利益,1
代表,群体,1
我国,改开,1
以来,我国,1
各股,我国,1
我国,经济,1
力量,我国,1
利益,我国,1
我国,群体,1
以来,改开,1
各股,改开,1
改开,经济,1
力量,改开,1
利益,改开,1
改开,群体,1
以来,各股,1
以来,经济,1
以来,力量,1
以来,利益,1
以来,群体,1
各股,经济,1
力量,各股,1
利益,各股,1
各股,群体,1
力量,经济,1
利益,经济,1
经济,群体,1
利益,力量,1
力量,群体,1
利益,群体,1
编剧,该剧,1
宣布,该剧,1
大江大河,该剧,1
系列,该剧,1
电视剧,该剧,1
第三部,该剧,1
宣布,编剧,1
大江大河,编剧,1
系列,编剧,1
电视剧,编剧,1
宣布,系列,1
宣布,电视剧,1
宣布,第三部,1
大江大河,系列,1
大江大河,电视剧,1
电视剧,系列,1
第三部,系列,1
